[{"id":"e0b3d8c9-7a3f-4c0a-8c7a-46011628adff","type":"card","cardType":"type-8a4d87da-699b-49a7-891d-1eb2d1ca8c3b","deck":"5d2320ad-50cc-40fc-add7-d588f119d6bb","parent":"bb4b95fb-2d0f-47a5-b240-416a0277abbc","x":869.57,"y":34.44,"z":52358,"owner":null,"faceup":false,"dragging":null},{"id":"e041cfbd-6200-4658-99da-829dd00ff366","type":"card","cardType":"type-feb103e8-9fd0-4b63-a0c0-453a39761b0d","deck":"3ff4bddd-99c2-4935-8120-ac0e0eb56866","parent":"996a7bbe-6719-49d6-8c27-d029db3b6580","x":293.75,"y":14.26,"z":53563,"owner":null,"faceup":false,"dragging":null,"draggingType":null},{"id":"bc950ffa-939b-44fc-ae64-c10bcda02fb9","x":300.96,"y":644.61,"z":52097,"type":"gamePiece","pieceType":"pin","color":"green","dragging":null},{"cardWidth":130,"owner":null,"backTemplate":{"includeBorder":true,"includeRadius":true,"objects":[{"type":"image","x":0,"y":0,"w":130,"h":160,"color":"#ffffff","valueType":"static","value":"https://raw.githubusercontent.com/rayzg/tarot/master/playingcards.io/tarot-nouveau/mucha-carnations.png"}]},"type":"cardDeck","id":"3ff4bddd-99c2-4935-8120-ac0e0eb56866","cardTypes":{"type-dede95a9-5815-45d8-b736-3137d53b788d":{"label":"layout","image":"https://raw.githubusercontent.com/rayzg/tarot/master/playingcards.io/tarot-nouveau/Tarot_nouveau_-_Grimaud_-_1898_-_Trumps_-_Excuse.jpg","score":"4","trump-rank":"22","diamond-suit":"♦","heart-suit":"♥","spade-suit":"♠","club-suit":"♣ ","diamond-rank":"10","heart-rank":"10","spade-rank":"10","club-rank":"10"},"type-410ba79e-a27e-452f-a87f-290cc1807383":{"label":"excuse","image":"https://raw.githubusercontent.com/rayzg/tarot/master/playingcards.io/tarot-nouveau/Tarot_nouveau_-_Grimaud_-_1898_-_Trumps_-_Excuse.jpg","score":"4","trump-rank":"★ ","diamond-suit":"","heart-suit":"","spade-suit":"","club-suit":"","diamond-rank":"","heart-rank":"","spade-rank":"","club-rank":""},"type-8c1749df-ac55-46da-bd42-b05c3d1995e6":{"label":"atout-01","image":"https://raw.githubusercontent.com/rayzg/tarot/master/playingcards.io/tarot-nouveau/Tarot_nouveau_-_Grimaud_-_1898_-_Trumps_-_01.jpg","score":"4","trump-rank":"1","diamond-suit":"","heart-suit":"","spade-suit":"","club-suit":"","diamond-rank":"","heart-rank":"","spade-rank":"","club-rank":""},"type-4fb02025-ab3c-45ca-a858-95c05bd80982":{"label":"atout-02","image":"https://raw.githubusercontent.com/rayzg/tarot/master/playingcards.io/tarot-nouveau/Tarot_nouveau_-_Grimaud_-_1898_-_Trumps_-_02.jpg","score":"","trump-rank":"2","diamond-suit":"","heart-suit":"","spade-suit":"","club-suit":"","diamond-rank":"","heart-rank":"","spade-rank":"","club-rank":""},"type-b2d22e60-a3ac-4ec5-80c6-b8fe32cbab7a":{"label":"atout-03","image":"https://raw.githubusercontent.com/rayzg/tarot/master/playingcards.io/tarot-nouveau/Tarot_nouveau_-_Grimaud_-_1898_-_Trumps_-_03.jpg","score":"","trump-rank":"3","diamond-suit":"","heart-suit":"","spade-suit":"","club-suit":"","diamond-rank":"","heart-rank":"","spade-rank":"","club-rank":""},"type-5964c809-4a20-4b4c-8958-7b7472dd4c58":{"label":"atout-04","image":"https://raw.githubusercontent.com/rayzg/tarot/master/playingcards.io/tarot-nouveau/Tarot_nouveau_-_Grimaud_-_1898_-_Trumps_-_04.jpg","score":"","trump-rank":"4","diamond-suit":"","heart-suit":"","spade-suit":"","club-suit":"","diamond-rank":"","heart-rank":"","spade-rank":"","club-rank":""},"type-576652fe-b5cf-448e-b69f-1c736a23c295":{"label":"atout-05","image":"https://raw.githubusercontent.com/rayzg/tarot/master/playingcards.io/tarot-nouveau/Tarot_nouveau_-_Grimaud_-_1898_-_Trumps_-_05.jpg","score":"","trump-rank":"5","diamond-suit":"","heart-suit":"","spade-suit":"","club-suit":"","diamond-rank":"","heart-rank":"","spade-rank":"","club-rank":""},"type-dddd1d14-1f8a-4ad7-9bb8-3b3eef9a5d85":{"label":"atout-06","image":"https://raw.githubusercontent.com/rayzg/tarot/master/playingcards.io/tarot-nouveau/Tarot_nouveau_-_Grimaud_-_1898_-_Trumps_-_06.jpg","score":"","trump-rank":"6","diamond-suit":"","heart-suit":"","spade-suit":"","club-suit":"","diamond-rank":"","heart-rank":"","spade-rank":"","club-rank":""},"type-97946791-a536-41f6-b25d-eb69554e40e5":{"label":"atout-07","image":"https://raw.githubusercontent.com/rayzg/tarot/master/playingcards.io/tarot-nouveau/Tarot_nouveau_-_Grimaud_-_1898_-_Trumps_-_07.jpg","score":"","trump-rank":"7","diamond-suit":"","heart-suit":"","spade-suit":"","club-suit":"","diamond-rank":"","heart-rank":"","spade-rank":"","club-rank":""},"type-1d86cb2e-16d9-45d3-a527-3194b80d12f2":{"label":"atout-08","image":"https://raw.githubusercontent.com/rayzg/tarot/master/playingcards.io/tarot-nouveau/Tarot_nouveau_-_Grimaud_-_1898_-_Trumps_-_08.jpg","score":"","trump-rank":"8","diamond-suit":"","heart-suit":"","spade-suit":"","club-suit":"","diamond-rank":"","heart-rank":"","spade-rank":"","club-rank":""},"type-50638f61-4066-4221-86d3-8cd11cb8f2a4":{"label":"atout-09","image":"https://raw.githubusercontent.com/rayzg/tarot/master/playingcards.io/tarot-nouveau/Tarot_nouveau_-_Grimaud_-_1898_-_Trumps_-_09.jpg","score":"","trump-rank":"9","diamond-suit":"","heart-suit":"","spade-suit":"","club-suit":"","diamond-rank":"","heart-rank":"","spade-rank":"","club-rank":""},"type-690f8043-0c6f-49a0-8264-3576b595b77e":{"label":"atout-10","image":"https://raw.githubusercontent.com/rayzg/tarot/master/playingcards.io/tarot-nouveau/Tarot_nouveau_-_Grimaud_-_1898_-_Trumps_-_10.jpg","score":"","trump-rank":"10","diamond-suit":"","heart-suit":"","spade-suit":"","club-suit":"","diamond-rank":"","heart-rank":"","spade-rank":"","club-rank":""},"type-24b72403-e1d1-471e-a042-2741ed780653":{"label":"atout-11","image":"https://raw.githubusercontent.com/rayzg/tarot/master/playingcards.io/tarot-nouveau/Tarot_nouveau_-_Grimaud_-_1898_-_Trumps_-_11.jpg","score":"","trump-rank":"11","diamond-suit":"","heart-suit":"","spade-suit":"","club-suit":"","diamond-rank":"","heart-rank":"","spade-rank":"","club-rank":""},"type-7d45bbb7-267b-493d-a4ab-e7e52a2b5de3":{"label":"atout-12","image":"https://raw.githubusercontent.com/rayzg/tarot/master/playingcards.io/tarot-nouveau/Tarot_nouveau_-_Grimaud_-_1898_-_Trumps_-_12.jpg","score":"","trump-rank":"12","diamond-suit":"","heart-suit":"","spade-suit":"","club-suit":"","diamond-rank":"","heart-rank":"","spade-rank":"","club-rank":""},"type-ba835274-3930-4717-a9c7-f0dca2b4983e":{"label":"atout-13","image":"https://raw.githubusercontent.com/rayzg/tarot/master/playingcards.io/tarot-nouveau/Tarot_nouveau_-_Grimaud_-_1898_-_Trumps_-_13.jpg","score":"","trump-rank":"13","diamond-suit":"","heart-suit":"","spade-suit":"","club-suit":"","diamond-rank":"","heart-rank":"","spade-rank":"","club-rank":""},"type-1e9cb4bc-9ae3-4e74-8a15-ea2f7ba3f159":{"label":"atout-14","image":"https://raw.githubusercontent.com/rayzg/tarot/master/playingcards.io/tarot-nouveau/Tarot_nouveau_-_Grimaud_-_1898_-_Trumps_-_14.jpg","score":"","trump-rank":"14","diamond-suit":"","heart-suit":"","spade-suit":"","club-suit":"","diamond-rank":"","heart-rank":"","spade-rank":"","club-rank":""},"type-960ec746-d036-4fa0-95b0-f796e6355922":{"label":"atout-15","image":"https://raw.githubusercontent.com/rayzg/tarot/master/playingcards.io/tarot-nouveau/Tarot_nouveau_-_Grimaud_-_1898_-_Trumps_-_15.jpg","score":"","trump-rank":"15","diamond-suit":"","heart-suit":"","spade-suit":"","club-suit":"","diamond-rank":"","heart-rank":"","spade-rank":"","club-rank":""},"type-f0bd3242-2319-40a1-803e-6b69757f7499":{"label":"atout-16","image":"https://raw.githubusercontent.com/rayzg/tarot/master/playingcards.io/tarot-nouveau/Tarot_nouveau_-_Grimaud_-_1898_-_Trumps_-_16.jpg","score":"","trump-rank":"16","diamond-suit":"","heart-suit":"","spade-suit":"","club-suit":"","diamond-rank":"","heart-rank":"","spade-rank":"","club-rank":""},"type-8cdf2ed7-bc63-4836-9536-096e2c208c50":{"label":"atout-17","image":"https://raw.githubusercontent.com/rayzg/tarot/master/playingcards.io/tarot-nouveau/Tarot_nouveau_-_Grimaud_-_1898_-_Trumps_-_17.jpg","score":"","trump-rank":"17","diamond-suit":"","heart-suit":"","spade-suit":"","club-suit":"","diamond-rank":"","heart-rank":"","spade-rank":"","club-rank":""},"type-e11e049f-43de-4a0d-9b5b-0630f43398b8":{"label":"atout-18","image":"https://raw.githubusercontent.com/rayzg/tarot/master/playingcards.io/tarot-nouveau/Tarot_nouveau_-_Grimaud_-_1898_-_Trumps_-_18.jpg","score":"","trump-rank":"18","diamond-suit":"","heart-suit":"","spade-suit":"","club-suit":"","diamond-rank":"","heart-rank":"","spade-rank":"","club-rank":""},"type-a04a47d0-8d0d-458f-bb4f-0b087020b06f":{"label":"atout-19","image":"https://raw.githubusercontent.com/rayzg/tarot/master/playingcards.io/tarot-nouveau/Tarot_nouveau_-_Grimaud_-_1898_-_Trumps_-_19.jpg","score":"","trump-rank":"19","diamond-suit":"","heart-suit":"","spade-suit":"","club-suit":"","diamond-rank":"","heart-rank":"","spade-rank":"","club-rank":""},"type-ee7be6ec-1ecc-4f5a-a71e-11e02b1e6b60":{"label":"atout-20","image":"https://raw.githubusercontent.com/rayzg/tarot/master/playingcards.io/tarot-nouveau/Tarot_nouveau_-_Grimaud_-_1898_-_Trumps_-_20.jpg","score":"","trump-rank":"20","diamond-suit":"","heart-suit":"","spade-suit":"","club-suit":"","diamond-rank":"","heart-rank":"","spade-rank":"","club-rank":""},"type-c2e43699-bd75-4caf-b0cc-a96df0e5ffd1":{"label":"atout-21","image":"https://raw.githubusercontent.com/rayzg/tarot/master/playingcards.io/tarot-nouveau/Tarot_nouveau_-_Grimaud_-_1898_-_Trumps_-_21.jpg","score":"4","trump-rank":"21","diamond-suit":"","heart-suit":"","spade-suit":"","club-suit":"","diamond-rank":"","heart-rank":"","spade-rank":"","club-rank":""},"type-ab3e9981-fbda-40dd-9fd2-b52ff30dc3d3":{"label":"carreau-01","image":"https://raw.githubusercontent.com/rayzg/tarot/master/playingcards.io/tarot-nouveau/Tarot_nouveau_-_Grimaud_-_1898_-_Diamonds_-_Ace.jpg","score":"","trump-rank":"","diamond-suit":"♦","heart-suit":"","spade-suit":"","club-suit":"","diamond-rank":"1","heart-rank":"","spade-rank":"","club-rank":""},"type-8bf0660b-bde8-4a73-899d-214b1cbda9ed":{"label":"carreau-02","image":"https://raw.githubusercontent.com/rayzg/tarot/master/playingcards.io/tarot-nouveau/Tarot_nouveau_-_Grimaud_-_1898_-_Diamonds_-_02.jpg","score":"","trump-rank":"","diamond-suit":"♦","heart-suit":"","spade-suit":"","club-suit":"","diamond-rank":"2","heart-rank":"","spade-rank":"","club-rank":""},"type-36d58333-2522-4c2f-8a31-38af412c42e4":{"label":"carreau-03","image":"https://raw.githubusercontent.com/rayzg/tarot/master/playingcards.io/tarot-nouveau/Tarot_nouveau_-_Grimaud_-_1898_-_Diamonds_-_03.jpg","score":"","trump-rank":"","diamond-suit":"♦","heart-suit":"","spade-suit":"","club-suit":"","diamond-rank":"3","heart-rank":"","spade-rank":"","club-rank":""},"type-7df1c17f-94f4-4fcd-a0f6-4552859db02a":{"label":"carreau-04","image":"https://raw.githubusercontent.com/rayzg/tarot/master/playingcards.io/tarot-nouveau/Tarot_nouveau_-_Grimaud_-_1898_-_Diamonds_-_04.jpg","score":"","trump-rank":"","diamond-suit":"♦","heart-suit":"","spade-suit":"","club-suit":"","diamond-rank":"4","heart-rank":"","spade-rank":"","club-rank":""},"type-4ac36d5a-a5fc-4843-8a40-ca8c9fa9829d":{"label":"carreau-05","image":"https://raw.githubusercontent.com/rayzg/tarot/master/playingcards.io/tarot-nouveau/Tarot_nouveau_-_Grimaud_-_1898_-_Diamonds_-_05.jpg","score":"","trump-rank":"","diamond-suit":"♦","heart-suit":"","spade-suit":"","club-suit":"","diamond-rank":"5","heart-rank":"","spade-rank":"","club-rank":""},"type-f7281484-355c-4bfd-aa97-061a6a2ade02":{"label":"carreau-06","image":"https://raw.githubusercontent.com/rayzg/tarot/master/playingcards.io/tarot-nouveau/Tarot_nouveau_-_Grimaud_-_1898_-_Diamonds_-_06.jpg","score":"","trump-rank":"","diamond-suit":"♦","heart-suit":"","spade-suit":"","club-suit":"","diamond-rank":"6","heart-rank":"","spade-rank":"","club-rank":""},"type-c466d2de-80d1-4e17-adbb-19afcd3eb594":{"label":"carreau-07","image":"https://raw.githubusercontent.com/rayzg/tarot/master/playingcards.io/tarot-nouveau/Tarot_nouveau_-_Grimaud_-_1898_-_Diamonds_-_07.jpg","score":"","trump-rank":"","diamond-suit":"♦","heart-suit":"","spade-suit":"","club-suit":"","diamond-rank":"7","heart-rank":"","spade-rank":"","club-rank":""},"type-91ca15c5-8f67-46ca-9215-625074b47af9":{"label":"carreau-08","image":"https://raw.githubusercontent.com/rayzg/tarot/master/playingcards.io/tarot-nouveau/Tarot_nouveau_-_Grimaud_-_1898_-_Diamonds_-_08.jpg","score":"","trump-rank":"","diamond-suit":"♦","heart-suit":"","spade-suit":"","club-suit":"","diamond-rank":"8","heart-rank":"","spade-rank":"","club-rank":""},"type-90414c04-4c9e-4a91-b8bc-6f38f929ec78":{"label":"carreau-09","image":"https://raw.githubusercontent.com/rayzg/tarot/master/playingcards.io/tarot-nouveau/Tarot_nouveau_-_Grimaud_-_1898_-_Diamonds_-_09.jpg","score":"","trump-rank":"","diamond-suit":"♦","heart-suit":"","spade-suit":"","club-suit":"","diamond-rank":"9","heart-rank":"","spade-rank":"","club-rank":""},"type-2cac4f48-48ea-4572-be1f-6d35f584bf14":{"label":"carreau-10","image":"https://raw.githubusercontent.com/rayzg/tarot/master/playingcards.io/tarot-nouveau/Tarot_nouveau_-_Grimaud_-_1898_-_Diamonds_-_10.jpg","score":"","trump-rank":"","diamond-suit":"♦","heart-suit":"","spade-suit":"","club-suit":"","diamond-rank":"10","heart-rank":"","spade-rank":"","club-rank":""},"type-14e67fdb-0115-48e0-a35f-6d624b219a92":{"label":"carreau-11","image":"https://raw.githubusercontent.com/rayzg/tarot/master/playingcards.io/tarot-nouveau/Tarot_nouveau_-_Grimaud_-_1898_-_Diamonds_-_Jack.jpg","score":"1","trump-rank":"","diamond-suit":"♦","heart-suit":"","spade-suit":"","club-suit":"","diamond-rank":"V","heart-rank":"","spade-rank":"","club-rank":""},"type-72abe502-7fdb-4a32-877e-cd278376da6a":{"label":"carreau-12","image":"https://raw.githubusercontent.com/rayzg/tarot/master/playingcards.io/tarot-nouveau/Tarot_nouveau_-_Grimaud_-_1898_-_Diamonds_-_Knight.jpg","score":"2","trump-rank":"","diamond-suit":"♦","heart-suit":"","spade-suit":"","club-suit":"","diamond-rank":"C","heart-rank":"","spade-rank":"","club-rank":""},"type-33bc7291-3cfa-4268-9b50-5dd1a3e56afc":{"label":"carreau-13","image":"https://raw.githubusercontent.com/rayzg/tarot/master/playingcards.io/tarot-nouveau/Tarot_nouveau_-_Grimaud_-_1898_-_Diamonds_-_Queen.jpg","score":"3","trump-rank":"","diamond-suit":"♦","heart-suit":"","spade-suit":"","club-suit":"","diamond-rank":"D","heart-rank":"","spade-rank":"","club-rank":""},"type-7af1745a-75a0-4a5b-880e-32f67f5ccd20":{"label":"carreau-14","image":"https://raw.githubusercontent.com/rayzg/tarot/master/playingcards.io/tarot-nouveau/Tarot_nouveau_-_Grimaud_-_1898_-_Diamonds_-_King.jpg","score":"4","trump-rank":"","diamond-suit":"♦","heart-suit":"","spade-suit":"","club-suit":"","diamond-rank":"R","heart-rank":"","spade-rank":"","club-rank":""},"type-aa1299de-260e-486e-a7cf-75109e32dded":{"label":"coeur-01","image":"https://raw.githubusercontent.com/rayzg/tarot/master/playingcards.io/tarot-nouveau/Tarot_nouveau_-_Grimaud_-_1898_-_Hearts_-_Ace.jpg","score":"","trump-rank":"","diamond-suit":"","heart-suit":"♥","spade-suit":"","club-suit":"","diamond-rank":"","heart-rank":"1","spade-rank":"","club-rank":""},"type-3b315e38-7d40-457f-a7aa-3d8c845679bf":{"label":"coeur-02","image":"https://raw.githubusercontent.com/rayzg/tarot/master/playingcards.io/tarot-nouveau/Tarot_nouveau_-_Grimaud_-_1898_-_Hearts_-_02.jpg","score":"","trump-rank":"","diamond-suit":"","heart-suit":"♥","spade-suit":"","club-suit":"","diamond-rank":"","heart-rank":"2","spade-rank":"","club-rank":""},"type-8e4dac98-4bc1-46c4-aa17-5ad87f94cee8":{"label":"coeur-03","image":"https://raw.githubusercontent.com/rayzg/tarot/master/playingcards.io/tarot-nouveau/Tarot_nouveau_-_Grimaud_-_1898_-_Hearts_-_03.jpg","score":"","trump-rank":"","diamond-suit":"","heart-suit":"♥","spade-suit":"","club-suit":"","diamond-rank":"","heart-rank":"3","spade-rank":"","club-rank":""},"type-9d4a2b37-58ab-4cd7-86d4-87f292f1550d":{"label":"coeur-04","image":"https://raw.githubusercontent.com/rayzg/tarot/master/playingcards.io/tarot-nouveau/Tarot_nouveau_-_Grimaud_-_1898_-_Hearts_-_04.jpg","score":"","trump-rank":"","diamond-suit":"","heart-suit":"♥","spade-suit":"","club-suit":"","diamond-rank":"","heart-rank":"4","spade-rank":"","club-rank":""},"type-c965dc1a-e2b1-4c9d-b5e5-5a1f6596153b":{"label":"coeur-05","image":"https://raw.githubusercontent.com/rayzg/tarot/master/playingcards.io/tarot-nouveau/Tarot_nouveau_-_Grimaud_-_1898_-_Hearts_-_05.jpg","score":"","trump-rank":"","diamond-suit":"","heart-suit":"♥","spade-suit":"","club-suit":"","diamond-rank":"","heart-rank":"5","spade-rank":"","club-rank":""},"type-b50654cd-4b15-4cd0-8592-ac9ee918325e":{"label":"coeur-06","image":"https://raw.githubusercontent.com/rayzg/tarot/master/playingcards.io/tarot-nouveau/Tarot_nouveau_-_Grimaud_-_1898_-_Hearts_-_06.jpg","score":"","trump-rank":"","diamond-suit":"","heart-suit":"♥","spade-suit":"","club-suit":"","diamond-rank":"","heart-rank":"6","spade-rank":"","club-rank":""},"type-a2796965-bc51-475f-b234-89c4b86be476":{"label":"coeur-07","image":"https://raw.githubusercontent.com/rayzg/tarot/master/playingcards.io/tarot-nouveau/Tarot_nouveau_-_Grimaud_-_1898_-_Hearts_-_07.jpg","score":"","trump-rank":"","diamond-suit":"","heart-suit":"♥","spade-suit":"","club-suit":"","diamond-rank":"","heart-rank":"7","spade-rank":"","club-rank":""},"type-8423ba99-c18b-4086-9559-47734e37ba53":{"label":"coeur-08","image":"https://raw.githubusercontent.com/rayzg/tarot/master/playingcards.io/tarot-nouveau/Tarot_nouveau_-_Grimaud_-_1898_-_Hearts_-_08.jpg","score":"","trump-rank":"","diamond-suit":"","heart-suit":"♥","spade-suit":"","club-suit":"","diamond-rank":"","heart-rank":"8","spade-rank":"","club-rank":""},"type-e46fc029-9dc4-4eea-a4ef-c39b3ae17a76":{"label":"coeur-09","image":"https://raw.githubusercontent.com/rayzg/tarot/master/playingcards.io/tarot-nouveau/Tarot_nouveau_-_Grimaud_-_1898_-_Hearts_-_09.jpg","score":"","trump-rank":"","diamond-suit":"","heart-suit":"♥","spade-suit":"","club-suit":"","diamond-rank":"","heart-rank":"9","spade-rank":"","club-rank":""},"type-753c4bfd-89bd-4c72-bb80-1d42660753b8":{"label":"coeur-10","image":"https://raw.githubusercontent.com/rayzg/tarot/master/playingcards.io/tarot-nouveau/Tarot_nouveau_-_Grimaud_-_1898_-_Hearts_-_10.jpg","score":"","trump-rank":"","diamond-suit":"","heart-suit":"♥","spade-suit":"","club-suit":"","diamond-rank":"","heart-rank":"10","spade-rank":"","club-rank":""},"type-36377e55-79ca-4bfa-80c5-19ab9bef7492":{"label":"coeur-11","image":"https://raw.githubusercontent.com/rayzg/tarot/master/playingcards.io/tarot-nouveau/Tarot_nouveau_-_Grimaud_-_1898_-_Hearts_-_Jack.jpg","score":"1","trump-rank":"","diamond-suit":"","heart-suit":"♥","spade-suit":"","club-suit":"","diamond-rank":"","heart-rank":"V","spade-rank":"","club-rank":""},"type-d8be09e8-01a5-4f0b-9616-43713f513067":{"label":"coeur-12","image":"https://raw.githubusercontent.com/rayzg/tarot/master/playingcards.io/tarot-nouveau/Tarot_nouveau_-_Grimaud_-_1898_-_Hearts_-_Knight.jpg","score":"2","trump-rank":"","diamond-suit":"","heart-suit":"♥","spade-suit":"","club-suit":"","diamond-rank":"","heart-rank":"C","spade-rank":"","club-rank":""},"type-7b1151cb-4dcb-499e-bef9-f28eac15e274":{"label":"coeur-13","image":"https://raw.githubusercontent.com/rayzg/tarot/master/playingcards.io/tarot-nouveau/Tarot_nouveau_-_Grimaud_-_1898_-_Hearts_-_Queen.jpg","score":"3","trump-rank":"","diamond-suit":"","heart-suit":"♥","spade-suit":"","club-suit":"","diamond-rank":"","heart-rank":"D","spade-rank":"","club-rank":""},"type-93c669ef-216c-44a6-989d-c867fd0d6adc":{"label":"coeur-14","image":"https://raw.githubusercontent.com/rayzg/tarot/master/playingcards.io/tarot-nouveau/Tarot_nouveau_-_Grimaud_-_1898_-_Hearts_-_King.jpg","score":"4","trump-rank":"","diamond-suit":"","heart-suit":"♥","spade-suit":"","club-suit":"","diamond-rank":"","heart-rank":"R","spade-rank":"","club-rank":""},"type-d2d3f1cf-8d12-4621-a03b-6e47c7f34f43":{"label":"pic-01","image":"https://raw.githubusercontent.com/rayzg/tarot/master/playingcards.io/tarot-nouveau/Tarot_nouveau_-_Grimaud_-_1898_-_Spades_-_Ace.jpg","score":"","trump-rank":"","diamond-suit":"","heart-suit":"","spade-suit":"♠","club-suit":"","diamond-rank":"","heart-rank":"","spade-rank":"1","club-rank":""},"type-0ceada4d-58a3-4113-8f01-7205e3310906":{"label":"pic-02","image":"https://raw.githubusercontent.com/rayzg/tarot/master/playingcards.io/tarot-nouveau/Tarot_nouveau_-_Grimaud_-_1898_-_Spades_-_02.jpg","score":"","trump-rank":"","diamond-suit":"","heart-suit":"","spade-suit":"♠","club-suit":"","diamond-rank":"","heart-rank":"","spade-rank":"2","club-rank":""},"type-64605519-e855-4898-b31c-b7e24372970b":{"label":"pic-03","image":"https://raw.githubusercontent.com/rayzg/tarot/master/playingcards.io/tarot-nouveau/Tarot_nouveau_-_Grimaud_-_1898_-_Spades_-_03.jpg","score":"","trump-rank":"","diamond-suit":"","heart-suit":"","spade-suit":"♠","club-suit":"","diamond-rank":"","heart-rank":"","spade-rank":"3","club-rank":""},"type-bb1d5d11-96ca-46c9-8b81-9532b84cd97a":{"label":"pic-04","image":"https://raw.githubusercontent.com/rayzg/tarot/master/playingcards.io/tarot-nouveau/Tarot_nouveau_-_Grimaud_-_1898_-_Spades_-_04.jpg","score":"","trump-rank":"","diamond-suit":"","heart-suit":"","spade-suit":"♠","club-suit":"","diamond-rank":"","heart-rank":"","spade-rank":"4","club-rank":""},"type-43f414d0-b339-436a-b80d-a13d03c9801b":{"label":"pic-05","image":"https://raw.githubusercontent.com/rayzg/tarot/master/playingcards.io/tarot-nouveau/Tarot_nouveau_-_Grimaud_-_1898_-_Spades_-_05.jpg","score":"","trump-rank":"","diamond-suit":"","heart-suit":"","spade-suit":"♠","club-suit":"","diamond-rank":"","heart-rank":"","spade-rank":"5","club-rank":""},"type-3aab8e7b-14f0-4a85-9aab-8f51f2f4ec8a":{"label":"pic-06","image":"https://raw.githubusercontent.com/rayzg/tarot/master/playingcards.io/tarot-nouveau/Tarot_nouveau_-_Grimaud_-_1898_-_Spades_-_06.jpg","score":"","trump-rank":"","diamond-suit":"","heart-suit":"","spade-suit":"♠","club-suit":"","diamond-rank":"","heart-rank":"","spade-rank":"6","club-rank":""},"type-f615a211-8c24-4b42-b217-d8906d4e04c3":{"label":"pic-07","image":"https://raw.githubusercontent.com/rayzg/tarot/master/playingcards.io/tarot-nouveau/Tarot_nouveau_-_Grimaud_-_1898_-_Spades_-_07.jpg","score":"","trump-rank":"","diamond-suit":"","heart-suit":"","spade-suit":"♠","club-suit":"","diamond-rank":"","heart-rank":"","spade-rank":"7","club-rank":""},"type-ace2403c-2464-4a1f-9c90-0957b475d2f3":{"label":"pic-08","image":"https://raw.githubusercontent.com/rayzg/tarot/master/playingcards.io/tarot-nouveau/Tarot_nouveau_-_Grimaud_-_1898_-_Spades_-_08.jpg","score":"","trump-rank":"","diamond-suit":"","heart-suit":"","spade-suit":"♠","club-suit":"","diamond-rank":"","heart-rank":"","spade-rank":"8","club-rank":""},"type-529bc362-7146-42da-9022-f74a3adfc537":{"label":"pic-09","image":"https://raw.githubusercontent.com/rayzg/tarot/master/playingcards.io/tarot-nouveau/Tarot_nouveau_-_Grimaud_-_1898_-_Spades_-_09.jpg","score":"","trump-rank":"","diamond-suit":"","heart-suit":"","spade-suit":"♠","club-suit":"","diamond-rank":"","heart-rank":"","spade-rank":"9","club-rank":""},"type-981b18d4-c005-47a2-a988-c11468d3b2c0":{"label":"pic-10","image":"https://raw.githubusercontent.com/rayzg/tarot/master/playingcards.io/tarot-nouveau/Tarot_nouveau_-_Grimaud_-_1898_-_Spades_-_10.jpg","score":"","trump-rank":"","diamond-suit":"","heart-suit":"","spade-suit":"♠","club-suit":"","diamond-rank":"","heart-rank":"","spade-rank":"10","club-rank":""},"type-ee72a50d-b4f6-48f0-bd5b-8372b56bdb12":{"label":"pic-11","image":"https://raw.githubusercontent.com/rayzg/tarot/master/playingcards.io/tarot-nouveau/Tarot_nouveau_-_Grimaud_-_1898_-_Spades_-_Jack.jpg","score":"1","trump-rank":"","diamond-suit":"","heart-suit":"","spade-suit":"♠","club-suit":"","diamond-rank":"","heart-rank":"","spade-rank":"V","club-rank":""},"type-426f1709-c601-4a82-b828-9c89a794b3ff":{"label":"pic-12","image":"https://raw.githubusercontent.com/rayzg/tarot/master/playingcards.io/tarot-nouveau/Tarot_nouveau_-_Grimaud_-_1898_-_Spades_-_Knight.jpg","score":"2","trump-rank":"","diamond-suit":"","heart-suit":"","spade-suit":"♠","club-suit":"","diamond-rank":"","heart-rank":"","spade-rank":"C","club-rank":""},"type-7089af64-47d5-4a00-a360-b8816504785a":{"label":"pic-13","image":"https://raw.githubusercontent.com/rayzg/tarot/master/playingcards.io/tarot-nouveau/Tarot_nouveau_-_Grimaud_-_1898_-_Spades_-_Queen.jpg","score":"3","trump-rank":"","diamond-suit":"","heart-suit":"","spade-suit":"♠","club-suit":"","diamond-rank":"","heart-rank":"","spade-rank":"D","club-rank":""},"type-95f802bd-249c-4396-9653-75a75f5e69a3":{"label":"pic-14","image":"https://raw.githubusercontent.com/rayzg/tarot/master/playingcards.io/tarot-nouveau/Tarot_nouveau_-_Grimaud_-_1898_-_Spades_-_King.jpg","score":"4","trump-rank":"","diamond-suit":"","heart-suit":"","spade-suit":"♠","club-suit":"","diamond-rank":"","heart-rank":"","spade-rank":"R","club-rank":""},"type-1d49e306-e705-4699-a7cb-9a089880adef":{"label":"trefle-01","image":"https://raw.githubusercontent.com/rayzg/tarot/master/playingcards.io/tarot-nouveau/Tarot_nouveau_-_Grimaud_-_1898_-_Clubs_-_Ace.jpg","score":"","trump-rank":"","diamond-suit":"","heart-suit":"","spade-suit":"","club-suit":"♣ ","diamond-rank":"","heart-rank":"","spade-rank":"","club-rank":"1"},"type-5d4844e9-caea-42d4-a3d3-c0cfbd60045a":{"label":"trefle-02","image":"https://raw.githubusercontent.com/rayzg/tarot/master/playingcards.io/tarot-nouveau/Tarot_nouveau_-_Grimaud_-_1898_-_Clubs_-_02.jpg","score":"","trump-rank":"","diamond-suit":"","heart-suit":"","spade-suit":"","club-suit":"♣ ","diamond-rank":"","heart-rank":"","spade-rank":"","club-rank":"2"},"type-9acc84bc-08cc-49bb-9528-5efa12b4a10d":{"label":"trefle-03","image":"https://raw.githubusercontent.com/rayzg/tarot/master/playingcards.io/tarot-nouveau/Tarot_nouveau_-_Grimaud_-_1898_-_Clubs_-_03.jpg","score":"","trump-rank":"","diamond-suit":"","heart-suit":"","spade-suit":"","club-suit":"♣ ","diamond-rank":"","heart-rank":"","spade-rank":"","club-rank":"3"},"type-a7b4711f-a0c3-4df8-96ff-35ecc3c4001e":{"label":"trefle-04","image":"https://raw.githubusercontent.com/rayzg/tarot/master/playingcards.io/tarot-nouveau/Tarot_nouveau_-_Grimaud_-_1898_-_Clubs_-_04.jpg","score":"","trump-rank":"","diamond-suit":"","heart-suit":"","spade-suit":"","club-suit":"♣ ","diamond-rank":"","heart-rank":"","spade-rank":"","club-rank":"4"},"type-f131fc23-cd63-4f83-ae7d-5a9c01a76040":{"label":"trefle-05","image":"https://raw.githubusercontent.com/rayzg/tarot/master/playingcards.io/tarot-nouveau/Tarot_nouveau_-_Grimaud_-_1898_-_Clubs_-_05.jpg","score":"","trump-rank":"","diamond-suit":"","heart-suit":"","spade-suit":"","club-suit":"♣ ","diamond-rank":"","heart-rank":"","spade-rank":"","club-rank":"5"},"type-fb9b861f-8c46-4389-afc3-cb86f49a748a":{"label":"trefle-06","image":"https://raw.githubusercontent.com/rayzg/tarot/master/playingcards.io/tarot-nouveau/Tarot_nouveau_-_Grimaud_-_1898_-_Clubs_-_06.jpg","score":"","trump-rank":"","diamond-suit":"","heart-suit":"","spade-suit":"","club-suit":"♣ ","diamond-rank":"","heart-rank":"","spade-rank":"","club-rank":"6"},"type-3bab0336-65cd-421a-a184-bbd7f0b9889f":{"label":"trefle-07","image":"https://raw.githubusercontent.com/rayzg/tarot/master/playingcards.io/tarot-nouveau/Tarot_nouveau_-_Grimaud_-_1898_-_Clubs_-_07.jpg","score":"","trump-rank":"","diamond-suit":"","heart-suit":"","spade-suit":"","club-suit":"♣ ","diamond-rank":"","heart-rank":"","spade-rank":"","club-rank":"7"},"type-6106283a-4f1a-4dd0-a430-4a09eaa116d2":{"label":"trefle-08","image":"https://raw.githubusercontent.com/rayzg/tarot/master/playingcards.io/tarot-nouveau/Tarot_nouveau_-_Grimaud_-_1898_-_Clubs_-_08.jpg","score":"","trump-rank":"","diamond-suit":"","heart-suit":"","spade-suit":"","club-suit":"♣ ","diamond-rank":"","heart-rank":"","spade-rank":"","club-rank":"8"},"type-3ea62446-cf2b-4e03-b8a6-cb3909b89d9b":{"label":"trefle-09","image":"https://raw.githubusercontent.com/rayzg/tarot/master/playingcards.io/tarot-nouveau/Tarot_nouveau_-_Grimaud_-_1898_-_Clubs_-_09.jpg","score":"","trump-rank":"","diamond-suit":"","heart-suit":"","spade-suit":"","club-suit":"♣ ","diamond-rank":"","heart-rank":"","spade-rank":"","club-rank":"9"},"type-4327ae38-7157-4c74-b2e9-ada72e933ca7":{"label":"trefle-10","image":"https://raw.githubusercontent.com/rayzg/tarot/master/playingcards.io/tarot-nouveau/Tarot_nouveau_-_Grimaud_-_1898_-_Clubs_-_10.jpg","score":"","trump-rank":"","diamond-suit":"","heart-suit":"","spade-suit":"","club-suit":"♣ ","diamond-rank":"","heart-rank":"","spade-rank":"","club-rank":"10"},"type-feb103e8-9fd0-4b63-a0c0-453a39761b0d":{"label":"trefle-11","image":"https://raw.githubusercontent.com/rayzg/tarot/master/playingcards.io/tarot-nouveau/Tarot_nouveau_-_Grimaud_-_1898_-_Clubs_-_Jack.jpg","score":"1","trump-rank":"","diamond-suit":"","heart-suit":"","spade-suit":"","club-suit":"♣ ","diamond-rank":"","heart-rank":"","spade-rank":"","club-rank":"V"},"type-1010afb7-a664-4095-a112-04f50e95b5e2":{"label":"trefle-12","image":"https://raw.githubusercontent.com/rayzg/tarot/master/playingcards.io/tarot-nouveau/Tarot_nouveau_-_Grimaud_-_1898_-_Clubs_-_Knight.jpg","score":"2","trump-rank":"","diamond-suit":"","heart-suit":"","spade-suit":"","club-suit":"♣ ","diamond-rank":"","heart-rank":"","spade-rank":"","club-rank":"C"},"type-3d90c2a1-a8e6-4948-b07d-365c75a96873":{"label":"trefle-13","image":"https://raw.githubusercontent.com/rayzg/tarot/master/playingcards.io/tarot-nouveau/Tarot_nouveau_-_Grimaud_-_1898_-_Clubs_-_Queen.jpg","score":"3","trump-rank":"","diamond-suit":"","heart-suit":"","spade-suit":"","club-suit":"♣ ","diamond-rank":"","heart-rank":"","spade-rank":"","club-rank":"D"},"type-d86bdda9-0a7f-418c-aee8-b59632705172":{"label":"trefle-14","image":"https://raw.githubusercontent.com/rayzg/tarot/master/playingcards.io/tarot-nouveau/Tarot_nouveau_-_Grimaud_-_1898_-_Clubs_-_King.jpg","score":"4","trump-rank":"","diamond-suit":"","heart-suit":"","spade-suit":"","club-suit":"♣ ","diamond-rank":"","heart-rank":"","spade-rank":"","club-rank":"R"}},"cardHeight":160,"z":53326,"y":51.26,"x":315.75,"confirmRecallAll":false,"parent":"996a7bbe-6719-49d6-8c27-d029db3b6580","faceTemplate":{"includeBorder":true,"includeRadius":true,"objects":[{"type":"image","x":0,"y":0,"w":130,"h":160,"valueType":"static","value":"non-existent-file","color":"#ffffff"},{"type":"image","x":37.672332389046275,"y":0,"w":92.32766761095372,"h":160,"valueType":"dynamic","value":"image"},{"type":"text","x":1.888574126534467,"y":0,"w":35.82861630858093,"fontSize":"36","valueType":"dynamic","value":"trump-rank","textAlign":"center","textFont":null,"color":"#0f5bb7"},{"type":"text","x":0.56657223796034,"y":52.87063267233245,"w":35.259678942398416,"fontSize":"36","valueType":"dynamic","value":"diamond-rank","textAlign":"center","textFont":null,"color":"#800000"},{"type":"text","x":4.90084985835694,"y":71.9452313503304,"w":33.00661000944287,"fontSize":"58","valueType":"dynamic","value":"diamond-suit","textAlign":"left","textFont":null,"color":"#800000"},{"type":"text","x":0.5665722379603487,"y":52.87063267233233,"w":36.203966005665706,"fontSize":"36","valueType":"dynamic","value":"heart-rank","textAlign":"center","textFont":null,"color":"#fb4810"},{"type":"text","x":2.581001776389009,"y":72.63765900018497,"w":33.93767705382432,"fontSize":"58","valueType":"dynamic","value":"heart-suit","textAlign":"center","textFont":null,"color":"#fb4810"},{"type":"text","x":0.5665722379603397,"y":52.87063267233245,"w":36.01510859301231,"fontSize":"36","valueType":"dynamic","value":"spade-rank","textAlign":"center","textFont":null,"color":"#000000"},{"type":"text","x":4.648990444944235,"y":71.88237793919572,"w":30.349386213408867,"fontSize":"58","valueType":"dynamic","value":"spade-suit","textAlign":"center","textFont":null,"color":"#000000"},{"type":"text","x":0.56657223796034,"y":53.059490084985846,"w":34.88196411709158,"fontSize":"36","valueType":"dynamic","value":"club-rank","textAlign":"center","textFont":null,"color":"#808080"},{"type":"text","x":1.6995681242565934,"y":71.88237793919559,"w":37.714825306893324,"fontSize":"58","valueType":"dynamic","value":"club-suit","textAlign":"center","textFont":null,"color":"#808080"}]},"dragging":null,"draggingType":null},{"id":"be0b65b6-bd74-4237-9e29-7d40a3396114","type":"card","cardType":"type-05bf55dd-2b9c-4d8f-b5a0-57f18645fb05","deck":"76db3851-59d9-493c-a4ad-0c1705fffabe","parent":"178b6b40-0f99-4415-807e-20dd8c69aebc","x":873.94,"y":687.92,"z":52391,"faceup":false,"owner":null,"dragging":null},{"id":"94146ca1-b38f-4f7e-ae73-6dcefd1ea3bc","x":9.37,"y":50.27,"z":46090,"type":"counter","counterValue":0,"label":"Raymond","dragging":null},{"id":"76d7a95f-97e0-4eaa-bc16-5b3472f118a1","type":"card","cardType":"type-ace2403c-2464-4a1f-9c90-0957b475d2f3","deck":"3ff4bddd-99c2-4935-8120-ac0e0eb56866","parent":"hand","x":460,"y":834,"z":53547,"owner":"gpmMt8G6DxTHJL6q9dsHFcF4vDS2","faceup":true,"dragging":null,"draggingType":null},{"id":"ceaa3337-b33b-4ec3-b496-d080b287c6bd","type":"card","cardType":"type-8a4d87da-699b-49a7-891d-1eb2d1ca8c3b","deck":"5d2320ad-50cc-40fc-add7-d588f119d6bb","parent":"bb4b95fb-2d0f-47a5-b240-416a0277abbc","x":869.57,"y":34.44,"z":52349,"owner":null,"faceup":false,"dragging":null},{"id":"bb4b95fb-2d0f-47a5-b240-416a0277abbc","x":865.57,"y":29.38,"z":53543,"type":"cardPile","hasShuffleButton":true,"width":78,"height":78,"dragging":null,"draggingType":null},{"id":"c947d72c-fde9-40e4-8bae-c2182b4cbf1a","type":"card","cardType":"type-5964c809-4a20-4b4c-8958-7b7472dd4c58","deck":"3ff4bddd-99c2-4935-8120-ac0e0eb56866","parent":"996a7bbe-6719-49d6-8c27-d029db3b6580","x":293.75,"y":14.26,"z":53568,"owner":null,"faceup":false,"dragging":null,"draggingType":null},{"id":"8223e763-a6f3-418c-b699-657f5f2cad47","type":"card","cardType":"type-8a4d87da-699b-49a7-891d-1eb2d1ca8c3b","deck":"5d2320ad-50cc-40fc-add7-d588f119d6bb","parent":"bb4b95fb-2d0f-47a5-b240-416a0277abbc","x":869.57,"y":34.44,"z":52344,"owner":null,"faceup":false,"dragging":null},{"id":"f9c28d2d-12c3-4c4c-a615-36917a59ab31","x":156.79,"y":628.92,"z":47711,"type":"cardPile","width":138,"height":168,"label":"Lydia","dragging":null},{"id":"ab6f2885-6ddf-4ddf-8c1e-ee6a64f8ac79","type":"card","cardType":"type-1010afb7-a664-4095-a112-04f50e95b5e2","deck":"3ff4bddd-99c2-4935-8120-ac0e0eb56866","parent":"996a7bbe-6719-49d6-8c27-d029db3b6580","x":293.75,"y":14.26,"z":53559,"owner":null,"faceup":false,"dragging":null,"draggingType":null},{"id":"eb221bde-2516-4a20-8755-93b11e859232","type":"card","cardType":"type-8a4d87da-699b-49a7-891d-1eb2d1ca8c3b","deck":"5d2320ad-50cc-40fc-add7-d588f119d6bb","parent":"bb4b95fb-2d0f-47a5-b240-416a0277abbc","x":869.57,"y":34.44,"z":52346,"owner":null,"faceup":false,"dragging":null},{"id":"291b9bd6-fff1-4202-a78f-3613c4b73bbe","type":"card","cardType":"type-8a4d87da-699b-49a7-891d-1eb2d1ca8c3b","deck":"5d2320ad-50cc-40fc-add7-d588f119d6bb","parent":"bb4b95fb-2d0f-47a5-b240-416a0277abbc","x":869.57,"y":34.44,"z":52335,"owner":null,"faceup":false,"dragging":null},{"id":"6ff8bfb8-aaa5-4daf-a78a-d170ad2db8b8","type":"card","cardType":"type-05bf55dd-2b9c-4d8f-b5a0-57f18645fb05","deck":"76db3851-59d9-493c-a4ad-0c1705fffabe","parent":"178b6b40-0f99-4415-807e-20dd8c69aebc","x":873.94,"y":687.92,"z":52381,"faceup":false,"owner":null,"dragging":null},{"id":"8a8392f6-fd85-4800-b824-f3145a8cf969","type":"card","cardType":"type-90414c04-4c9e-4a91-b8bc-6f38f929ec78","deck":"3ff4bddd-99c2-4935-8120-ac0e0eb56866","parent":"996a7bbe-6719-49d6-8c27-d029db3b6580","x":293.75,"y":14.26,"z":53579,"owner":null,"faceup":false,"dragging":null,"draggingType":null},{"id":"1962b168-edf5-469e-9962-7ba9d740513f","type":"card","cardType":"type-8a4d87da-699b-49a7-891d-1eb2d1ca8c3b","deck":"5d2320ad-50cc-40fc-add7-d588f119d6bb","parent":"bb4b95fb-2d0f-47a5-b240-416a0277abbc","x":869.57,"y":34.44,"z":52340,"owner":null,"faceup":false,"dragging":null},{"id":"68616512-ca23-49e7-a9f4-6b94e1c18317","type":"card","cardType":"type-8a4d87da-699b-49a7-891d-1eb2d1ca8c3b","deck":"5d2320ad-50cc-40fc-add7-d588f119d6bb","parent":"bb4b95fb-2d0f-47a5-b240-416a0277abbc","x":869.57,"y":34.44,"z":52363,"owner":null,"faceup":false,"dragging":null},{"id":"20889477-8ef4-45a8-bc19-df5bc63476b1","type":"card","cardType":"type-ee72a50d-b4f6-48f0-bd5b-8372b56bdb12","deck":"3ff4bddd-99c2-4935-8120-ac0e0eb56866","parent":"996a7bbe-6719-49d6-8c27-d029db3b6580","x":293.75,"y":14.26,"z":53553,"owner":null,"faceup":false,"dragging":null,"draggingType":null},{"id":"96e0113d-94e4-4068-9381-96311bffc105","type":"card","cardType":"type-14e67fdb-0115-48e0-a35f-6d624b219a92","deck":"3ff4bddd-99c2-4935-8120-ac0e0eb56866","parent":"hand","x":540,"y":834,"z":53549,"owner":"gpmMt8G6DxTHJL6q9dsHFcF4vDS2","faceup":true,"dragging":null,"draggingType":null},{"id":"48f67e37-4f3b-4184-893f-f7d8d1fdcca2","type":"card","cardType":"type-7089af64-47d5-4a00-a360-b8816504785a","deck":"3ff4bddd-99c2-4935-8120-ac0e0eb56866","parent":"hand","x":500,"y":834,"z":53548,"owner":"gpmMt8G6DxTHJL6q9dsHFcF4vDS2","faceup":true,"dragging":null,"draggingType":null},{"id":"7db6f744-7882-4021-a9f9-602ca5a38d1b","type":"card","cardType":"type-8a4d87da-699b-49a7-891d-1eb2d1ca8c3b","deck":"5d2320ad-50cc-40fc-add7-d588f119d6bb","parent":"bb4b95fb-2d0f-47a5-b240-416a0277abbc","x":869.57,"y":34.44,"z":52357,"owner":null,"faceup":false,"dragging":null},{"id":"99a0ee76-67f7-4ef3-aa8f-f69b62b7f7df","type":"card","cardType":"type-8a4d87da-699b-49a7-891d-1eb2d1ca8c3b","deck":"5d2320ad-50cc-40fc-add7-d588f119d6bb","parent":"bb4b95fb-2d0f-47a5-b240-416a0277abbc","x":869.57,"y":34.44,"z":52336,"owner":null,"faceup":false,"dragging":null},{"id":"92e2cee8-0391-4af6-bf05-1e3efb0064b7","type":"card","cardType":"type-36377e55-79ca-4bfa-80c5-19ab9bef7492","deck":"3ff4bddd-99c2-4935-8120-ac0e0eb56866","parent":"996a7bbe-6719-49d6-8c27-d029db3b6580","x":293.75,"y":14.26,"z":53570,"owner":null,"faceup":false,"dragging":null,"draggingType":null},{"id":"b1e7c30d-ebfe-472a-a1ef-9dcd008e1ebd","x":7.81,"y":125.53,"z":47706,"type":"counter","counterValue":0,"label":"Mich","dragging":null},{"id":"fff4003a-26c0-41ea-98ea-8815723bfa85","type":"card","cardType":"type-50638f61-4066-4221-86d3-8cd11cb8f2a4","deck":"3ff4bddd-99c2-4935-8120-ac0e0eb56866","parent":"996a7bbe-6719-49d6-8c27-d029db3b6580","x":293.75,"y":14.26,"z":53581,"owner":null,"faceup":false,"dragging":null,"draggingType":null},{"id":"11d2e28f-22b0-41ab-93ee-24dd64e404c8","type":"card","cardType":"type-8a4d87da-699b-49a7-891d-1eb2d1ca8c3b","deck":"5d2320ad-50cc-40fc-add7-d588f119d6bb","parent":"bb4b95fb-2d0f-47a5-b240-416a0277abbc","x":869.57,"y":34.44,"z":52338,"owner":null,"faceup":false,"dragging":null},{"id":"56b394de-352e-4434-936c-370b1f111516","type":"card","cardType":"type-05bf55dd-2b9c-4d8f-b5a0-57f18645fb05","deck":"76db3851-59d9-493c-a4ad-0c1705fffabe","parent":"178b6b40-0f99-4415-807e-20dd8c69aebc","x":873.94,"y":687.92,"z":52368,"faceup":false,"owner":null,"dragging":null},{"id":"54838428-0b72-4ad7-936f-614bffbf3e1b","type":"card","cardType":"type-a2796965-bc51-475f-b234-89c4b86be476","deck":"3ff4bddd-99c2-4935-8120-ac0e0eb56866","parent":"996a7bbe-6719-49d6-8c27-d029db3b6580","x":293.75,"y":14.26,"z":53551,"owner":null,"faceup":false,"dragging":null,"draggingType":null},{"id":"e39fb839-fb35-41c7-898a-d1a4f915a966","type":"card","cardType":"type-8a4d87da-699b-49a7-891d-1eb2d1ca8c3b","deck":"5d2320ad-50cc-40fc-add7-d588f119d6bb","parent":"bb4b95fb-2d0f-47a5-b240-416a0277abbc","x":869.57,"y":34.44,"z":52341,"owner":null,"faceup":false,"dragging":null},{"id":"9c437d29-e483-4782-83fb-f5e3d907a758","type":"card","cardType":"type-05bf55dd-2b9c-4d8f-b5a0-57f18645fb05","deck":"76db3851-59d9-493c-a4ad-0c1705fffabe","parent":"178b6b40-0f99-4415-807e-20dd8c69aebc","x":873.94,"y":687.92,"z":52388,"faceup":false,"owner":null,"dragging":null},{"id":"abdfffe5-6919-440a-b2c6-100b274848b4","type":"card","cardType":"type-f0bd3242-2319-40a1-803e-6b69757f7499","deck":"3ff4bddd-99c2-4935-8120-ac0e0eb56866","parent":"996a7bbe-6719-49d6-8c27-d029db3b6580","x":293.75,"y":14.26,"z":53574,"owner":null,"faceup":false,"dragging":null,"draggingType":null},{"id":"4f26921f-d3bc-4498-89bc-753049b4c0dc","type":"card","cardType":"type-f615a211-8c24-4b42-b217-d8906d4e04c3","deck":"3ff4bddd-99c2-4935-8120-ac0e0eb56866","parent":"hand","x":340,"y":834,"z":53544,"owner":"gpmMt8G6DxTHJL6q9dsHFcF4vDS2","faceup":true,"dragging":null,"draggingType":null},{"id":"e3ef46c9-3d2f-463e-8c0b-4f8f9d8503c0","type":"card","cardType":"type-05bf55dd-2b9c-4d8f-b5a0-57f18645fb05","deck":"76db3851-59d9-493c-a4ad-0c1705fffabe","parent":"178b6b40-0f99-4415-807e-20dd8c69aebc","x":873.94,"y":687.92,"z":52369,"faceup":false,"owner":null,"dragging":null},{"id":"e97e475e-9f7a-462b-96f7-4045e38d10e6","type":"card","cardType":"type-8cdf2ed7-bc63-4836-9536-096e2c208c50","deck":"3ff4bddd-99c2-4935-8120-ac0e0eb56866","parent":"996a7bbe-6719-49d6-8c27-d029db3b6580","x":293.75,"y":14.26,"z":53550,"owner":null,"faceup":false,"dragging":null,"draggingType":null},{"id":"da3068a5-ae2d-42e7-8a28-a41b9d275558","type":"card","cardType":"type-05bf55dd-2b9c-4d8f-b5a0-57f18645fb05","deck":"76db3851-59d9-493c-a4ad-0c1705fffabe","parent":"178b6b40-0f99-4415-807e-20dd8c69aebc","x":873.94,"y":687.92,"z":52378,"faceup":false,"owner":null,"dragging":null},{"id":"71b9737a-c115-4cc6-be00-7a79196f9e03","type":"card","cardType":"type-8a4d87da-699b-49a7-891d-1eb2d1ca8c3b","deck":"5d2320ad-50cc-40fc-add7-d588f119d6bb","parent":"bb4b95fb-2d0f-47a5-b240-416a0277abbc","x":869.57,"y":34.44,"z":52351,"owner":null,"faceup":false,"dragging":null},{"id":"c7fb1702-5ddc-45e2-b655-802c293cdc65","type":"card","cardType":"type-8423ba99-c18b-4086-9559-47734e37ba53","deck":"3ff4bddd-99c2-4935-8120-ac0e0eb56866","parent":"996a7bbe-6719-49d6-8c27-d029db3b6580","x":293.75,"y":14.26,"z":53552,"owner":null,"faceup":false,"dragging":null,"draggingType":null},{"id":"a139ab0d-9643-4ec6-8ff7-b1d8463b6d0f","type":"card","cardType":"type-8a4d87da-699b-49a7-891d-1eb2d1ca8c3b","deck":"5d2320ad-50cc-40fc-add7-d588f119d6bb","parent":"bb4b95fb-2d0f-47a5-b240-416a0277abbc","x":869.57,"y":34.44,"z":52332,"owner":null,"faceup":false,"dragging":null},{"id":"8fd970dc-4935-48a5-9958-a8d15ffff008","x":297.15,"y":445.06,"z":47710,"type":"cardPile","width":138,"height":168,"label":"Mich","dragging":null},{"id":"272fd656-65b0-4824-ac16-aa3d2ae58069","type":"card","cardType":"type-8a4d87da-699b-49a7-891d-1eb2d1ca8c3b","deck":"5d2320ad-50cc-40fc-add7-d588f119d6bb","parent":"bb4b95fb-2d0f-47a5-b240-416a0277abbc","x":869.57,"y":34.44,"z":52353,"owner":null,"faceup":false,"dragging":null},{"id":"3c74b1f3-30c4-4ed1-94fb-d6f514ecb159","x":8.67,"y":275.65,"z":48010,"type":"counter","counterValue":0,"label":"Man","dragging":null},{"id":"e46d3135-827e-428e-b3ac-0b2665e4ed08","type":"card","cardType":"type-7b1151cb-4dcb-499e-bef9-f28eac15e274","deck":"3ff4bddd-99c2-4935-8120-ac0e0eb56866","parent":"996a7bbe-6719-49d6-8c27-d029db3b6580","x":293.75,"y":14.26,"z":53577,"owner":null,"faceup":false,"dragging":null,"draggingType":null},{"id":"56830818-af43-409d-a83d-6738f0609273","type":"card","cardType":"type-576652fe-b5cf-448e-b69f-1c736a23c295","deck":"3ff4bddd-99c2-4935-8120-ac0e0eb56866","parent":"hand","x":220,"y":834,"z":53541,"owner":"gpmMt8G6DxTHJL6q9dsHFcF4vDS2","faceup":true,"dragging":null,"draggingType":null},{"y":674.22,"x":339.06,"label":"Cleanup","id":"1474b05d-aef8-45eb-afdc-521809810810","type":"automationButton","z":47171,"clickRoutine":[{"func":"MOVE_CARDS_BETWEEN_HOLDERS","args":{"from":{"type":"literal","value":["87c21616-1da5-411a-9150-8ebfc347a096","8fd970dc-4935-48a5-9958-a8d15ffff008","f9c28d2d-12c3-4c4c-a615-36917a59ab31","d66dd351-0341-4caf-84fc-76d37b12bf2e"]},"to":{"type":"literal","value":["996a7bbe-6719-49d6-8c27-d029db3b6580"]},"quantity":{"type":"literal","value":4}}}],"dragging":null},{"id":"f4d610dd-ba41-4d85-a520-d46d45d53b9e","type":"card","cardType":"type-05bf55dd-2b9c-4d8f-b5a0-57f18645fb05","deck":"76db3851-59d9-493c-a4ad-0c1705fffabe","parent":"178b6b40-0f99-4415-807e-20dd8c69aebc","x":873.94,"y":687.92,"z":52393,"faceup":false,"owner":null,"dragging":null},{"id":"34a64586-f58f-42ba-91c1-1f70a92aabf3","type":"card","cardType":"type-05bf55dd-2b9c-4d8f-b5a0-57f18645fb05","deck":"76db3851-59d9-493c-a4ad-0c1705fffabe","parent":"178b6b40-0f99-4415-807e-20dd8c69aebc","x":873.94,"y":687.92,"z":52394,"faceup":false,"owner":null,"dragging":null},{"id":"50ff993a-4381-4bb5-bfbf-1541ff5fb855","type":"card","cardType":"type-8a4d87da-699b-49a7-891d-1eb2d1ca8c3b","deck":"5d2320ad-50cc-40fc-add7-d588f119d6bb","parent":"bb4b95fb-2d0f-47a5-b240-416a0277abbc","x":869.57,"y":34.44,"z":52339,"owner":null,"faceup":false,"dragging":null},{"id":"aaefa18d-6179-4df8-a67b-3f9d49145cfa","type":"card","cardType":"type-e46fc029-9dc4-4eea-a4ef-c39b3ae17a76","deck":"3ff4bddd-99c2-4935-8120-ac0e0eb56866","parent":"996a7bbe-6719-49d6-8c27-d029db3b6580","x":293.75,"y":14.26,"z":53546,"owner":null,"faceup":false,"dragging":null,"draggingType":null},{"id":"c5407271-5198-4cac-8fb1-f1c425ac430c","type":"card","cardType":"type-05bf55dd-2b9c-4d8f-b5a0-57f18645fb05","deck":"76db3851-59d9-493c-a4ad-0c1705fffabe","parent":"178b6b40-0f99-4415-807e-20dd8c69aebc","x":873.94,"y":687.92,"z":52390,"faceup":false,"owner":null,"dragging":null},{"id":"e9da8457-78d0-4160-a76c-f76a05ee8906","type":"card","cardType":"type-8a4d87da-699b-49a7-891d-1eb2d1ca8c3b","deck":"5d2320ad-50cc-40fc-add7-d588f119d6bb","parent":"bb4b95fb-2d0f-47a5-b240-416a0277abbc","x":869.57,"y":34.44,"z":52345,"owner":null,"faceup":false,"dragging":null},{"owner":null,"cardWidth":70,"backTemplate":{"includeBorder":false,"includeRadius":true,"objects":[{"type":"image","x":0,"y":0,"w":70,"h":70,"color":"#000000","valueType":"static","value":"https://raw.githubusercontent.com/rayzg/tarot/master/playingcards.io/tarot-nouveau/black-tile.svg"}]},"type":"cardDeck","id":"5d2320ad-50cc-40fc-add7-d588f119d6bb","cardTypes":{"type-8a4d87da-699b-49a7-891d-1eb2d1ca8c3b":{"label":"Black tile","image":"https://raw.githubusercontent.com/rayzg/other-games/master/fano330-r-morris/playingcards.io/red-triangle.svg"}},"cardHeight":70,"z":53537,"y":26.44,"x":861.57,"parent":"bb4b95fb-2d0f-47a5-b240-416a0277abbc","faceTemplate":{"includeBorder":true,"includeRadius":true,"objects":[{"type":"image","x":0,"y":0,"w":70,"h":70,"color":"white","valueType":"dynamic","value":"image"}]},"dragging":null,"draggingType":null},{"id":"63df27e5-56d0-4ba4-ab84-9434a9021d36","type":"card","cardType":"type-8a4d87da-699b-49a7-891d-1eb2d1ca8c3b","deck":"5d2320ad-50cc-40fc-add7-d588f119d6bb","parent":"bb4b95fb-2d0f-47a5-b240-416a0277abbc","x":869.57,"y":34.44,"z":52330,"owner":null,"faceup":false,"dragging":null},{"id":"c3674ffb-3896-43a6-b8b7-f62803f824c1","type":"card","cardType":"type-8a4d87da-699b-49a7-891d-1eb2d1ca8c3b","deck":"5d2320ad-50cc-40fc-add7-d588f119d6bb","parent":"bb4b95fb-2d0f-47a5-b240-416a0277abbc","x":869.57,"y":34.44,"z":52360,"owner":null,"faceup":false,"dragging":null},{"id":"87c21616-1da5-411a-9150-8ebfc347a096","x":158.09,"y":259.37,"z":47709,"type":"cardPile","width":138,"height":168,"label":"Raymond","dragging":null},{"id":"c309548d-3e12-4863-8636-04310521c857","type":"card","cardType":"type-690f8043-0c6f-49a0-8264-3576b595b77e","deck":"3ff4bddd-99c2-4935-8120-ac0e0eb56866","parent":"996a7bbe-6719-49d6-8c27-d029db3b6580","x":293.75,"y":14.26,"z":53572,"owner":null,"faceup":false,"dragging":null,"draggingType":null},{"id":"85d0f769-daff-489b-aec2-d6ea768f808d","type":"card","cardType":"type-05bf55dd-2b9c-4d8f-b5a0-57f18645fb05","deck":"76db3851-59d9-493c-a4ad-0c1705fffabe","parent":"178b6b40-0f99-4415-807e-20dd8c69aebc","x":873.94,"y":687.92,"z":52376,"faceup":false,"owner":null,"dragging":null},{"id":"c713a219-bac3-4db0-b9e8-d7ae59109aef","type":"card","cardType":"type-8a4d87da-699b-49a7-891d-1eb2d1ca8c3b","deck":"5d2320ad-50cc-40fc-add7-d588f119d6bb","parent":"bb4b95fb-2d0f-47a5-b240-416a0277abbc","x":869.57,"y":34.44,"z":52333,"owner":null,"faceup":false,"dragging":null},{"id":"60ba480b-ccba-48ce-a2f8-82d44d9641ef","type":"card","cardType":"type-8a4d87da-699b-49a7-891d-1eb2d1ca8c3b","deck":"5d2320ad-50cc-40fc-add7-d588f119d6bb","parent":"bb4b95fb-2d0f-47a5-b240-416a0277abbc","x":869.57,"y":34.44,"z":53541,"owner":null,"faceup":false,"dragging":null,"draggingType":null},{"owner":null,"cardOverlapH":0,"cardWidth":70,"backTemplate":{"includeBorder":false,"includeRadius":true,"objects":[{"type":"image","x":0,"y":0,"w":70,"h":70,"color":"#ffffff","valueType":"static","value":"https://raw.githubusercontent.com/rayzg/other-games/master/fano330-r-morris/playingcards.io/red-triangle.svg"}]},"id":"76db3851-59d9-493c-a4ad-0c1705fffabe","type":"cardDeck","cardTypes":{"type-05bf55dd-2b9c-4d8f-b5a0-57f18645fb05":{"label":"White tile","image":"https://raw.githubusercontent.com/rayzg/tarot/master/playingcards.io/tarot-nouveau/black-tile.svg"}},"cardHeight":70,"z":53538,"y":679.92,"x":865.94,"parent":"178b6b40-0f99-4415-807e-20dd8c69aebc","faceTemplate":{"includeBorder":true,"includeRadius":true,"objects":[{"type":"image","x":0,"y":0,"w":70,"h":70,"color":"white","valueType":"dynamic","value":"image"}]},"dragging":null,"draggingType":null},{"id":"9eff55e5-d518-481a-ac04-5a2f53fb7776","type":"card","cardType":"type-05bf55dd-2b9c-4d8f-b5a0-57f18645fb05","deck":"76db3851-59d9-493c-a4ad-0c1705fffabe","parent":"178b6b40-0f99-4415-807e-20dd8c69aebc","x":873.94,"y":687.92,"z":52370,"faceup":false,"owner":null,"dragging":null},{"id":"hand","type":"hand","x":50,"y":820,"z":1,"dragging":null},{"id":"ecb8945c-cf39-4300-ac88-9139ad3fffb6","type":"card","cardType":"type-24b72403-e1d1-471e-a042-2741ed780653","deck":"3ff4bddd-99c2-4935-8120-ac0e0eb56866","parent":"996a7bbe-6719-49d6-8c27-d029db3b6580","x":293.75,"y":14.26,"z":53580,"owner":null,"faceup":false,"dragging":null,"draggingType":null},{"id":"af25190a-7eb9-4ce4-8415-fd03bc16df8c","type":"card","cardType":"type-05bf55dd-2b9c-4d8f-b5a0-57f18645fb05","deck":"76db3851-59d9-493c-a4ad-0c1705fffabe","parent":"178b6b40-0f99-4415-807e-20dd8c69aebc","x":873.94,"y":687.92,"z":52389,"faceup":false,"owner":null,"dragging":null},{"id":"7e24fbda-acb9-48f1-afa0-d1a07afaf64b","type":"card","cardType":"type-05bf55dd-2b9c-4d8f-b5a0-57f18645fb05","deck":"76db3851-59d9-493c-a4ad-0c1705fffabe","parent":"178b6b40-0f99-4415-807e-20dd8c69aebc","x":873.94,"y":687.92,"z":52382,"faceup":false,"owner":null,"dragging":null},{"id":"753c0263-1406-4287-a75c-503d3afb476b","type":"card","cardType":"type-426f1709-c601-4a82-b828-9c89a794b3ff","deck":"3ff4bddd-99c2-4935-8120-ac0e0eb56866","parent":"996a7bbe-6719-49d6-8c27-d029db3b6580","x":293.75,"y":14.26,"z":53556,"owner":null,"faceup":false,"dragging":null,"draggingType":null},{"id":"9ef3dcdd-3bad-434c-87ec-79c39339870c","type":"card","cardType":"type-05bf55dd-2b9c-4d8f-b5a0-57f18645fb05","deck":"76db3851-59d9-493c-a4ad-0c1705fffabe","parent":"178b6b40-0f99-4415-807e-20dd8c69aebc","x":873.94,"y":687.92,"z":52371,"faceup":false,"owner":null,"dragging":null},{"id":"1669edd0-7bab-49d8-b14e-dd111418d93c","type":"card","cardType":"type-7af1745a-75a0-4a5b-880e-32f67f5ccd20","deck":"3ff4bddd-99c2-4935-8120-ac0e0eb56866","parent":"996a7bbe-6719-49d6-8c27-d029db3b6580","x":293.75,"y":14.26,"z":53562,"owner":null,"faceup":false,"dragging":null,"draggingType":null},{"id":"05a26f64-fd37-49e0-a40b-a6837c41ec73","type":"card","cardType":"type-05bf55dd-2b9c-4d8f-b5a0-57f18645fb05","deck":"76db3851-59d9-493c-a4ad-0c1705fffabe","parent":"178b6b40-0f99-4415-807e-20dd8c69aebc","x":873.94,"y":687.92,"z":52397,"faceup":false,"owner":null,"dragging":null},{"id":"71974c8e-6f27-4e1a-b34f-0ee9b2c30fd2","type":"card","cardType":"type-8a4d87da-699b-49a7-891d-1eb2d1ca8c3b","deck":"5d2320ad-50cc-40fc-add7-d588f119d6bb","parent":"bb4b95fb-2d0f-47a5-b240-416a0277abbc","x":869.57,"y":34.44,"z":52334,"owner":null,"faceup":false,"dragging":null},{"id":"ca14559d-2c1f-4d55-98c3-3593da862080","type":"card","cardType":"type-72abe502-7fdb-4a32-877e-cd278376da6a","deck":"3ff4bddd-99c2-4935-8120-ac0e0eb56866","parent":"996a7bbe-6719-49d6-8c27-d029db3b6580","x":293.75,"y":14.26,"z":53547,"owner":null,"faceup":false,"dragging":null,"draggingType":null},{"id":"920a4cf9-aac8-4c6c-8fe6-2ff665c7484b","type":"card","cardType":"type-05bf55dd-2b9c-4d8f-b5a0-57f18645fb05","deck":"76db3851-59d9-493c-a4ad-0c1705fffabe","parent":"178b6b40-0f99-4415-807e-20dd8c69aebc","x":873.94,"y":687.92,"z":52373,"faceup":false,"owner":null,"dragging":null},{"id":"6076bcc3-bcbe-4d3a-962a-40608e913e54","type":"card","cardType":"type-05bf55dd-2b9c-4d8f-b5a0-57f18645fb05","deck":"76db3851-59d9-493c-a4ad-0c1705fffabe","parent":"178b6b40-0f99-4415-807e-20dd8c69aebc","x":873.94,"y":687.92,"z":52367,"faceup":false,"owner":null,"dragging":null},{"id":"9a528f24-d179-4b07-8eb5-1695f221c9ba","type":"card","cardType":"type-05bf55dd-2b9c-4d8f-b5a0-57f18645fb05","deck":"76db3851-59d9-493c-a4ad-0c1705fffabe","parent":"178b6b40-0f99-4415-807e-20dd8c69aebc","x":873.94,"y":687.92,"z":52392,"faceup":false,"owner":null,"dragging":null},{"id":"1216ac41-d30b-4a5b-bd48-e7280e08464d","type":"card","cardType":"type-05bf55dd-2b9c-4d8f-b5a0-57f18645fb05","deck":"76db3851-59d9-493c-a4ad-0c1705fffabe","parent":"178b6b40-0f99-4415-807e-20dd8c69aebc","x":873.94,"y":687.92,"z":52383,"owner":null,"faceup":false,"dragging":null},{"id":"19cebb50-7a59-4ad8-a0ce-c5f89bc8e697","type":"card","cardType":"type-91ca15c5-8f67-46ca-9215-625074b47af9","deck":"3ff4bddd-99c2-4935-8120-ac0e0eb56866","parent":"996a7bbe-6719-49d6-8c27-d029db3b6580","x":293.75,"y":14.26,"z":53567,"owner":null,"faceup":false,"dragging":null,"draggingType":null},{"id":"7d47ccc9-3aa6-4d3c-b155-594abb90e6f4","type":"card","cardType":"type-7d45bbb7-267b-493d-a4ab-e7e52a2b5de3","deck":"3ff4bddd-99c2-4935-8120-ac0e0eb56866","parent":"hand","x":140,"y":834,"z":53539,"owner":"gpmMt8G6DxTHJL6q9dsHFcF4vDS2","faceup":true,"dragging":null,"draggingType":null},{"id":"a7fc6e92-df5e-4954-8708-354fb3948dc6","type":"card","cardType":"type-c2e43699-bd75-4caf-b0cc-a96df0e5ffd1","deck":"3ff4bddd-99c2-4935-8120-ac0e0eb56866","parent":"996a7bbe-6719-49d6-8c27-d029db3b6580","x":293.75,"y":14.26,"z":53549,"owner":null,"faceup":false,"dragging":null,"draggingType":null},{"id":"6eb0b5b5-e775-4e39-a963-944687a462da","type":"card","cardType":"type-05bf55dd-2b9c-4d8f-b5a0-57f18645fb05","deck":"76db3851-59d9-493c-a4ad-0c1705fffabe","parent":"178b6b40-0f99-4415-807e-20dd8c69aebc","x":873.94,"y":687.92,"z":52384,"faceup":false,"owner":null,"dragging":null},{"id":"ba8820bd-f7eb-47b5-8eff-78cdcd9484df","type":"card","cardType":"type-8a4d87da-699b-49a7-891d-1eb2d1ca8c3b","deck":"5d2320ad-50cc-40fc-add7-d588f119d6bb","parent":"bb4b95fb-2d0f-47a5-b240-416a0277abbc","x":869.57,"y":34.44,"z":52364,"owner":null,"faceup":false,"dragging":null},{"id":"6300c198-9b88-4988-ae02-ff2ead02df11","type":"card","cardType":"type-8a4d87da-699b-49a7-891d-1eb2d1ca8c3b","deck":"5d2320ad-50cc-40fc-add7-d588f119d6bb","parent":"bb4b95fb-2d0f-47a5-b240-416a0277abbc","x":869.57,"y":34.44,"z":52356,"owner":null,"faceup":false,"dragging":null},{"id":"5d811166-01f2-454a-9b45-256b6a8901a0","type":"card","cardType":"type-ba835274-3930-4717-a9c7-f0dca2b4983e","deck":"3ff4bddd-99c2-4935-8120-ac0e0eb56866","parent":"996a7bbe-6719-49d6-8c27-d029db3b6580","x":293.75,"y":14.26,"z":53554,"owner":null,"faceup":false,"dragging":null,"draggingType":null},{"id":"5136ff47-9843-47c8-a8e7-30214186f4e7","type":"card","cardType":"type-05bf55dd-2b9c-4d8f-b5a0-57f18645fb05","deck":"76db3851-59d9-493c-a4ad-0c1705fffabe","parent":"178b6b40-0f99-4415-807e-20dd8c69aebc","x":873.94,"y":687.92,"z":52403,"faceup":false,"owner":null,"dragging":null},{"id":"d66dd351-0341-4caf-84fc-76d37b12bf2e","x":17.98,"y":443.76,"z":48009,"type":"cardPile","width":138,"height":168,"label":"Man","dragging":null},{"id":"85050ef6-ef80-43d2-83d4-b5eddbb6143f","type":"card","cardType":"type-8a4d87da-699b-49a7-891d-1eb2d1ca8c3b","deck":"5d2320ad-50cc-40fc-add7-d588f119d6bb","parent":"bb4b95fb-2d0f-47a5-b240-416a0277abbc","x":869.57,"y":34.44,"z":52359,"owner":null,"faceup":false,"dragging":null},{"id":"daf06b49-402d-43fc-bb01-c103d8d2ebae","type":"card","cardType":"type-d8be09e8-01a5-4f0b-9616-43713f513067","deck":"3ff4bddd-99c2-4935-8120-ac0e0eb56866","parent":"996a7bbe-6719-49d6-8c27-d029db3b6580","x":293.75,"y":14.26,"z":53561,"owner":null,"faceup":false,"dragging":null,"draggingType":null},{"id":"849f8f76-dade-4290-898a-3d12fca695bc","type":"card","cardType":"type-8a4d87da-699b-49a7-891d-1eb2d1ca8c3b","deck":"5d2320ad-50cc-40fc-add7-d588f119d6bb","parent":"bb4b95fb-2d0f-47a5-b240-416a0277abbc","x":869.57,"y":34.44,"z":53542,"owner":null,"faceup":false,"dragging":null,"draggingType":null},{"id":"ab0c08e5-4f3e-47f5-bbe1-17386708f647","type":"card","cardType":"type-05bf55dd-2b9c-4d8f-b5a0-57f18645fb05","deck":"76db3851-59d9-493c-a4ad-0c1705fffabe","parent":"178b6b40-0f99-4415-807e-20dd8c69aebc","x":873.94,"y":687.92,"z":52399,"faceup":false,"owner":null,"dragging":null},{"id":"daeceb52-f4ed-4cbc-80e8-142c2c1e11ed","type":"card","cardType":"type-a04a47d0-8d0d-458f-bb4f-0b087020b06f","deck":"3ff4bddd-99c2-4935-8120-ac0e0eb56866","parent":"996a7bbe-6719-49d6-8c27-d029db3b6580","x":293.75,"y":14.26,"z":53575,"owner":null,"faceup":false,"dragging":null,"draggingType":null},{"id":"06567edc-1504-40ce-b2c9-fa1b6baa1236","type":"card","cardType":"type-8a4d87da-699b-49a7-891d-1eb2d1ca8c3b","deck":"5d2320ad-50cc-40fc-add7-d588f119d6bb","parent":"bb4b95fb-2d0f-47a5-b240-416a0277abbc","x":869.57,"y":34.44,"z":52343,"owner":null,"faceup":false,"dragging":null},{"id":"256e3cd2-62c5-49d6-9002-7e2629d16ba9","type":"card","cardType":"type-05bf55dd-2b9c-4d8f-b5a0-57f18645fb05","deck":"76db3851-59d9-493c-a4ad-0c1705fffabe","parent":"178b6b40-0f99-4415-807e-20dd8c69aebc","x":873.94,"y":687.92,"z":52379,"faceup":false,"owner":null,"dragging":null},{"id":"bf75a343-ed9a-448b-a11d-5492764e8262","type":"card","cardType":"type-e11e049f-43de-4a0d-9b5b-0630f43398b8","deck":"3ff4bddd-99c2-4935-8120-ac0e0eb56866","parent":"hand","x":100,"y":834,"z":53538,"owner":"gpmMt8G6DxTHJL6q9dsHFcF4vDS2","faceup":true,"dragging":null,"draggingType":null},{"id":"f337f287-4d7a-4f56-8d58-4c4db4ba52a2","type":"card","cardType":"type-95f802bd-249c-4396-9653-75a75f5e69a3","deck":"3ff4bddd-99c2-4935-8120-ac0e0eb56866","parent":"996a7bbe-6719-49d6-8c27-d029db3b6580","x":293.75,"y":14.26,"z":53548,"owner":null,"faceup":false,"dragging":null,"draggingType":null},{"id":"0d030b96-a716-4d44-b48c-0ed869213ae9","type":"card","cardType":"type-33bc7291-3cfa-4268-9b50-5dd1a3e56afc","deck":"3ff4bddd-99c2-4935-8120-ac0e0eb56866","parent":"996a7bbe-6719-49d6-8c27-d029db3b6580","x":293.75,"y":14.26,"z":53571,"owner":null,"faceup":false,"dragging":null,"draggingType":null},{"id":"c7c9862c-a510-4913-b9b9-c7bbc0009d1e","type":"card","cardType":"type-05bf55dd-2b9c-4d8f-b5a0-57f18645fb05","deck":"76db3851-59d9-493c-a4ad-0c1705fffabe","parent":"178b6b40-0f99-4415-807e-20dd8c69aebc","x":873.94,"y":687.92,"z":52377,"faceup":false,"owner":null,"dragging":null},{"id":"178b6b40-0f99-4415-807e-20dd8c69aebc","x":868.87,"y":683.92,"z":53544,"type":"cardPile","hasShuffleButton":true,"width":78,"height":78,"dragging":null,"draggingType":null},{"id":"b42d1f7f-baae-4160-8e26-60b0bb9ec88b","type":"card","cardType":"type-1e9cb4bc-9ae3-4e74-8a15-ea2f7ba3f159","deck":"3ff4bddd-99c2-4935-8120-ac0e0eb56866","parent":"996a7bbe-6719-49d6-8c27-d029db3b6580","x":293.75,"y":14.26,"z":53558,"owner":null,"faceup":false,"dragging":null,"draggingType":null},{"id":"b5457a2f-2573-44a4-bb20-16a81a457402","type":"card","cardType":"type-05bf55dd-2b9c-4d8f-b5a0-57f18645fb05","deck":"76db3851-59d9-493c-a4ad-0c1705fffabe","parent":"178b6b40-0f99-4415-807e-20dd8c69aebc","x":873.94,"y":687.92,"z":52380,"faceup":false,"owner":null,"dragging":null},{"id":"4f6d932b-8f2e-4675-a4a0-7c674ebcb469","type":"card","cardType":"type-8a4d87da-699b-49a7-891d-1eb2d1ca8c3b","deck":"5d2320ad-50cc-40fc-add7-d588f119d6bb","parent":"bb4b95fb-2d0f-47a5-b240-416a0277abbc","x":869.57,"y":34.44,"z":52337,"owner":null,"faceup":false,"dragging":null},{"id":"0d2a4531-83a3-4ee4-87a1-1a3c4ae35bff","type":"card","cardType":"type-05bf55dd-2b9c-4d8f-b5a0-57f18645fb05","deck":"76db3851-59d9-493c-a4ad-0c1705fffabe","parent":"178b6b40-0f99-4415-807e-20dd8c69aebc","x":873.94,"y":687.92,"z":52400,"faceup":false,"owner":null,"dragging":null},{"id":"cd3525fd-74a4-475d-a5cc-d4aa6ceaefe4","type":"card","cardType":"type-05bf55dd-2b9c-4d8f-b5a0-57f18645fb05","deck":"76db3851-59d9-493c-a4ad-0c1705fffabe","parent":"178b6b40-0f99-4415-807e-20dd8c69aebc","x":873.94,"y":687.92,"z":52398,"faceup":false,"owner":null,"dragging":null},{"id":"7abca81c-0ccf-4ab7-bbd6-27ee10f3c5cd","type":"card","cardType":"type-753c4bfd-89bd-4c72-bb80-1d42660753b8","deck":"3ff4bddd-99c2-4935-8120-ac0e0eb56866","parent":"hand","x":380,"y":834,"z":53545,"owner":"gpmMt8G6DxTHJL6q9dsHFcF4vDS2","faceup":true,"dragging":null,"draggingType":null},{"id":"a088fbda-ca41-4919-87c9-2490d2d3edb7","type":"card","cardType":"type-93c669ef-216c-44a6-989d-c867fd0d6adc","deck":"3ff4bddd-99c2-4935-8120-ac0e0eb56866","parent":"996a7bbe-6719-49d6-8c27-d029db3b6580","x":293.75,"y":14.26,"z":53564,"owner":null,"faceup":false,"dragging":null,"draggingType":null},{"id":"852a70cf-d5d7-4593-9255-a46277b1af57","type":"card","cardType":"type-05bf55dd-2b9c-4d8f-b5a0-57f18645fb05","deck":"76db3851-59d9-493c-a4ad-0c1705fffabe","parent":"178b6b40-0f99-4415-807e-20dd8c69aebc","x":873.94,"y":687.92,"z":52401,"faceup":false,"owner":null,"dragging":null},{"id":"931b432e-5813-43de-8d4b-671766c3acc4","type":"card","cardType":"type-05bf55dd-2b9c-4d8f-b5a0-57f18645fb05","deck":"76db3851-59d9-493c-a4ad-0c1705fffabe","parent":"178b6b40-0f99-4415-807e-20dd8c69aebc","x":873.94,"y":687.92,"z":52395,"faceup":false,"owner":null,"dragging":null},{"id":"6c07ac1c-3720-45f3-99b2-7638a86b4b56","type":"card","cardType":"type-97946791-a536-41f6-b25d-eb69554e40e5","deck":"3ff4bddd-99c2-4935-8120-ac0e0eb56866","parent":"hand","x":260,"y":834,"z":53542,"owner":"gpmMt8G6DxTHJL6q9dsHFcF4vDS2","faceup":true,"dragging":null,"draggingType":null},{"y":60.41,"x":177.09,"label":"Deal cards","id":"becdad3b-623a-4365-8290-7147ad8529ad","type":"automationButton","z":53432,"clickRoutine":[{"func":"MOVE_CARDS_BETWEEN_HOLDERS","args":{"from":{"type":"literal","value":["996a7bbe-6719-49d6-8c27-d029db3b6580"]},"to":{"type":"literal","value":["8fd970dc-4935-48a5-9958-a8d15ffff008","87c21616-1da5-411a-9150-8ebfc347a096","f9c28d2d-12c3-4c4c-a615-36917a59ab31","d66dd351-0341-4caf-84fc-76d37b12bf2e"]},"quantity":{"type":"literal","value":13},"moveFlip":{"type":"literal","value":"faceDown"}}}],"dragging":null,"draggingType":null},{"id":"1ebb5f7f-6c0e-4c6a-83fd-74db9ad7c70c","type":"card","cardType":"type-981b18d4-c005-47a2-a988-c11468d3b2c0","deck":"3ff4bddd-99c2-4935-8120-ac0e0eb56866","parent":"hand","x":300,"y":834,"z":53543,"owner":"gpmMt8G6DxTHJL6q9dsHFcF4vDS2","faceup":true,"dragging":null,"draggingType":null},{"id":"d84d16f8-26dd-4954-a3de-1ee590d88e5b","type":"card","cardType":"type-8c1749df-ac55-46da-bd42-b05c3d1995e6","deck":"3ff4bddd-99c2-4935-8120-ac0e0eb56866","parent":"996a7bbe-6719-49d6-8c27-d029db3b6580","x":293.75,"y":14.26,"z":53545,"owner":null,"faceup":false,"dragging":null,"draggingType":null},{"id":"943ddfb8-00b6-4d50-8a44-e5e4140a83e6","type":"card","cardType":"type-ee7be6ec-1ecc-4f5a-a71e-11e02b1e6b60","deck":"3ff4bddd-99c2-4935-8120-ac0e0eb56866","parent":"996a7bbe-6719-49d6-8c27-d029db3b6580","x":293.75,"y":14.26,"z":53582,"owner":null,"faceup":false,"dragging":null,"draggingType":null},{"id":"9bdf1218-8166-4d63-89dc-933cf07da53b","type":"card","cardType":"type-2cac4f48-48ea-4572-be1f-6d35f584bf14","deck":"3ff4bddd-99c2-4935-8120-ac0e0eb56866","parent":"996a7bbe-6719-49d6-8c27-d029db3b6580","x":293.75,"y":14.26,"z":53573,"owner":null,"faceup":false,"dragging":null,"draggingType":null},{"id":"100ae325-9faf-4b39-ba54-9e58df0c2c46","type":"card","cardType":"type-6106283a-4f1a-4dd0-a430-4a09eaa116d2","deck":"3ff4bddd-99c2-4935-8120-ac0e0eb56866","parent":"996a7bbe-6719-49d6-8c27-d029db3b6580","x":293.75,"y":14.26,"z":53555,"owner":null,"faceup":false,"dragging":null,"draggingType":null},{"id":"8d7518d8-fb93-4c20-80e0-39228ecc4f35","type":"card","cardType":"type-05bf55dd-2b9c-4d8f-b5a0-57f18645fb05","deck":"76db3851-59d9-493c-a4ad-0c1705fffabe","parent":"178b6b40-0f99-4415-807e-20dd8c69aebc","x":873.94,"y":687.92,"z":52396,"faceup":false,"owner":null,"dragging":null},{"id":"700efb5f-d8ec-4e0c-9c94-09959d84d906","type":"card","cardType":"type-05bf55dd-2b9c-4d8f-b5a0-57f18645fb05","deck":"76db3851-59d9-493c-a4ad-0c1705fffabe","parent":"178b6b40-0f99-4415-807e-20dd8c69aebc","x":873.94,"y":687.92,"z":52386,"faceup":false,"owner":null,"dragging":null},{"id":"f820905f-1f30-4eca-b33d-02c5201ff576","type":"card","cardType":"type-8a4d87da-699b-49a7-891d-1eb2d1ca8c3b","deck":"5d2320ad-50cc-40fc-add7-d588f119d6bb","parent":"bb4b95fb-2d0f-47a5-b240-416a0277abbc","x":869.57,"y":34.44,"z":52342,"owner":null,"faceup":false,"dragging":null},{"id":"c9ff37bc-2179-48d2-b495-38694e190b7a","type":"card","cardType":"type-05bf55dd-2b9c-4d8f-b5a0-57f18645fb05","deck":"76db3851-59d9-493c-a4ad-0c1705fffabe","parent":"178b6b40-0f99-4415-807e-20dd8c69aebc","x":873.94,"y":687.92,"z":52385,"faceup":false,"owner":null,"dragging":null},{"id":"996a7bbe-6719-49d6-8c27-d029db3b6580","x":289.75,"y":10.26,"z":46092,"type":"cardPile","hasShuffleButton":true,"width":138,"height":168,"dragging":null,"draggingType":null},{"id":"eeabc156-bed5-41ae-969b-b749130f602b","type":"card","cardType":"type-c466d2de-80d1-4e17-adbb-19afcd3eb594","deck":"3ff4bddd-99c2-4935-8120-ac0e0eb56866","parent":"996a7bbe-6719-49d6-8c27-d029db3b6580","x":293.75,"y":14.26,"z":53565,"owner":null,"faceup":false,"dragging":null,"draggingType":null},{"id":"2e266a18-bf74-4566-bfb3-5db05f80b54d","type":"card","cardType":"type-05bf55dd-2b9c-4d8f-b5a0-57f18645fb05","deck":"76db3851-59d9-493c-a4ad-0c1705fffabe","parent":"178b6b40-0f99-4415-807e-20dd8c69aebc","x":873.94,"y":687.92,"z":52372,"faceup":false,"owner":null,"dragging":null},{"id":"d26be699-7bab-4e41-ab82-cf9dd766fa86","type":"card","cardType":"type-05bf55dd-2b9c-4d8f-b5a0-57f18645fb05","deck":"76db3851-59d9-493c-a4ad-0c1705fffabe","parent":"178b6b40-0f99-4415-807e-20dd8c69aebc","x":873.94,"y":687.92,"z":52375,"faceup":false,"owner":null,"dragging":null},{"id":"42268c6c-cf32-47c4-9399-95036a3f29e1","type":"card","cardType":"type-4327ae38-7157-4c74-b2e9-ada72e933ca7","deck":"3ff4bddd-99c2-4935-8120-ac0e0eb56866","parent":"996a7bbe-6719-49d6-8c27-d029db3b6580","x":293.75,"y":14.26,"z":53576,"owner":null,"faceup":false,"dragging":null,"draggingType":null},{"id":"3a6ac74b-08be-4c0f-a2cb-38411caeb92a","type":"card","cardType":"type-410ba79e-a27e-452f-a87f-290cc1807383","deck":"3ff4bddd-99c2-4935-8120-ac0e0eb56866","parent":"hand","x":60,"y":834,"z":53537,"owner":"gpmMt8G6DxTHJL6q9dsHFcF4vDS2","faceup":true,"dragging":null,"draggingType":null},{"id":"37433298-b788-4557-85af-ce770043528d","type":"card","cardType":"type-8a4d87da-699b-49a7-891d-1eb2d1ca8c3b","deck":"5d2320ad-50cc-40fc-add7-d588f119d6bb","parent":"bb4b95fb-2d0f-47a5-b240-416a0277abbc","x":869.57,"y":34.44,"z":52347,"owner":null,"faceup":false,"dragging":null},{"id":"160dd25d-f483-4484-80e0-ebbea83ad21b","type":"card","cardType":"type-8a4d87da-699b-49a7-891d-1eb2d1ca8c3b","deck":"5d2320ad-50cc-40fc-add7-d588f119d6bb","parent":"bb4b95fb-2d0f-47a5-b240-416a0277abbc","x":869.57,"y":34.44,"z":52350,"owner":null,"faceup":false,"dragging":null},{"id":"bc900b52-8e0f-4f91-a357-99daba04bb76","type":"card","cardType":"type-8a4d87da-699b-49a7-891d-1eb2d1ca8c3b","deck":"5d2320ad-50cc-40fc-add7-d588f119d6bb","parent":"bb4b95fb-2d0f-47a5-b240-416a0277abbc","x":869.57,"y":34.44,"z":52354,"owner":null,"faceup":false,"dragging":null},{"id":"a3a2d10b-e28c-4f8b-b05a-ae4efad1c60b","type":"card","cardType":"type-8a4d87da-699b-49a7-891d-1eb2d1ca8c3b","deck":"5d2320ad-50cc-40fc-add7-d588f119d6bb","parent":"bb4b95fb-2d0f-47a5-b240-416a0277abbc","x":869.57,"y":34.44,"z":52352,"owner":null,"faceup":false,"dragging":null},{"id":"a12c4cca-4aa5-4015-8c41-32044eb781c2","type":"card","cardType":"type-1d86cb2e-16d9-45d3-a527-3194b80d12f2","deck":"3ff4bddd-99c2-4935-8120-ac0e0eb56866","parent":"996a7bbe-6719-49d6-8c27-d029db3b6580","x":293.75,"y":14.26,"z":53557,"owner":null,"faceup":false,"dragging":null,"draggingType":null},{"id":"c35da05b-4dd1-423a-9a99-a9e2ac0a7f24","type":"card","cardType":"type-8a4d87da-699b-49a7-891d-1eb2d1ca8c3b","deck":"5d2320ad-50cc-40fc-add7-d588f119d6bb","parent":"bb4b95fb-2d0f-47a5-b240-416a0277abbc","x":869.57,"y":34.44,"z":52361,"owner":null,"faceup":false,"dragging":null},{"id":"109e2639-a7a3-4b6a-90c3-56bc0d3fb7ef","type":"card","cardType":"type-8a4d87da-699b-49a7-891d-1eb2d1ca8c3b","deck":"5d2320ad-50cc-40fc-add7-d588f119d6bb","parent":"bb4b95fb-2d0f-47a5-b240-416a0277abbc","x":869.57,"y":34.44,"z":52355,"owner":null,"faceup":false,"dragging":null},{"id":"65288ec0-5d35-4b75-b3fa-62ccc324f74b","type":"card","cardType":"type-3d90c2a1-a8e6-4948-b07d-365c75a96873","deck":"3ff4bddd-99c2-4935-8120-ac0e0eb56866","parent":"996a7bbe-6719-49d6-8c27-d029db3b6580","x":293.75,"y":14.26,"z":53583,"owner":null,"faceup":false,"dragging":null,"draggingType":null},{"id":"7ddccb5a-3f86-4e6b-b756-9ca5d25afde7","type":"card","cardType":"type-05bf55dd-2b9c-4d8f-b5a0-57f18645fb05","deck":"76db3851-59d9-493c-a4ad-0c1705fffabe","parent":"178b6b40-0f99-4415-807e-20dd8c69aebc","x":873.94,"y":687.92,"z":52387,"faceup":false,"owner":null,"dragging":null},{"id":"7d648186-b915-498e-8f8f-d712568ea1d1","type":"card","cardType":"type-d86bdda9-0a7f-418c-aee8-b59632705172","deck":"3ff4bddd-99c2-4935-8120-ac0e0eb56866","parent":"996a7bbe-6719-49d6-8c27-d029db3b6580","x":293.75,"y":14.26,"z":53560,"owner":null,"faceup":false,"dragging":null,"draggingType":null},{"id":"ac34b220-3274-40c0-a53b-283197608496","type":"card","cardType":"type-8a4d87da-699b-49a7-891d-1eb2d1ca8c3b","deck":"5d2320ad-50cc-40fc-add7-d588f119d6bb","parent":"bb4b95fb-2d0f-47a5-b240-416a0277abbc","x":869.57,"y":34.44,"z":52348,"owner":null,"faceup":false,"dragging":null},{"id":"6124afb2-66e6-4883-a788-4d54b94e5c15","x":7.93,"y":205.16,"z":47707,"type":"counter","counterValue":0,"label":"Lydia","dragging":null},{"id":"dea37f79-68eb-4bce-9139-55606e589e26","type":"card","cardType":"type-960ec746-d036-4fa0-95b0-f796e6355922","deck":"3ff4bddd-99c2-4935-8120-ac0e0eb56866","parent":"hand","x":180,"y":834,"z":53540,"owner":"gpmMt8G6DxTHJL6q9dsHFcF4vDS2","faceup":true,"dragging":null,"draggingType":null},{"id":"0745d2a3-8b2f-4a76-9a3a-3897aa2f4201","type":"card","cardType":"type-8a4d87da-699b-49a7-891d-1eb2d1ca8c3b","deck":"5d2320ad-50cc-40fc-add7-d588f119d6bb","parent":"bb4b95fb-2d0f-47a5-b240-416a0277abbc","x":869.57,"y":34.44,"z":52362,"owner":null,"faceup":false,"dragging":null},{"id":"7ad1c917-eff3-4082-bf93-4d0d5d1f2c3e","x":1457.19,"y":232.55,"z":52188,"type":"gamePiece","pieceType":"pin","color":"yellow","dragging":null},{"id":"0098dcf1-e9c0-4fda-b890-717cfe0e956f","type":"card","cardType":"type-dddd1d14-1f8a-4ad7-9bb8-3b3eef9a5d85","deck":"3ff4bddd-99c2-4935-8120-ac0e0eb56866","parent":"996a7bbe-6719-49d6-8c27-d029db3b6580","x":293.75,"y":14.26,"z":53578,"owner":null,"faceup":false,"dragging":null,"draggingType":null},{"y":477.06,"x":178.62,"type":"board","id":"f59cd7e2-5f63-4f6c-b680-39c931b53aab","boardImage":"https://raw.githubusercontent.com/rayzg/other-games/master/trevigiane/playingcards.io/arrows-clockwise-4-square.svg","height":101.25000000000023,"z":53208,"width":101.25000000000023,"dragging":null},{"id":"cac0467a-94a6-4fed-9135-438f53bdd0f5","type":"card","cardType":"type-3ea62446-cf2b-4e03-b8a6-cb3909b89d9b","deck":"3ff4bddd-99c2-4935-8120-ac0e0eb56866","parent":"996a7bbe-6719-49d6-8c27-d029db3b6580","x":293.75,"y":14.26,"z":53569,"owner":null,"faceup":false,"dragging":null,"draggingType":null},{"id":"e3c6d9e6-d4e7-4942-a4b1-c5f6010b5eae","type":"card","cardType":"type-05bf55dd-2b9c-4d8f-b5a0-57f18645fb05","deck":"76db3851-59d9-493c-a4ad-0c1705fffabe","parent":"178b6b40-0f99-4415-807e-20dd8c69aebc","x":873.94,"y":687.92,"z":52402,"faceup":false,"owner":null,"dragging":null},{"id":"0a8bb026-a7c6-400a-80f3-10c2a3446f1b","type":"card","cardType":"type-3bab0336-65cd-421a-a184-bbd7f0b9889f","deck":"3ff4bddd-99c2-4935-8120-ac0e0eb56866","parent":"hand","x":420,"y":834,"z":53546,"owner":"gpmMt8G6DxTHJL6q9dsHFcF4vDS2","faceup":true,"dragging":null,"draggingType":null},{"y":3,"x":852.43,"id":"10fb24e2-1e37-443f-8900-953562fd3201","type":"board","boardImage":"https://raw.githubusercontent.com/rayzg/tarot/master/playingcards.io/le-plateau/le-plateau-board-fixed-no-high-trump-curvy.png","height":808.7151459964788,"z":53267,"width":715.6771203508663,"dragging":null,"draggingType":null},{"id":"5089cdc4-4dda-4a60-ba92-4b4fa3ad3167","type":"card","cardType":"type-05bf55dd-2b9c-4d8f-b5a0-57f18645fb05","deck":"76db3851-59d9-493c-a4ad-0c1705fffabe","parent":"178b6b40-0f99-4415-807e-20dd8c69aebc","x":873.94,"y":687.92,"z":52374,"faceup":false,"owner":null,"dragging":null},{"id":"ee88e252-eed7-42d1-8d62-787eb6eff652","type":"card","cardType":"type-8a4d87da-699b-49a7-891d-1eb2d1ca8c3b","deck":"5d2320ad-50cc-40fc-add7-d588f119d6bb","parent":"bb4b95fb-2d0f-47a5-b240-416a0277abbc","x":869.57,"y":34.44,"z":52331,"owner":null,"faceup":false,"dragging":null},{"id":"c07ff163-c6af-4603-b7c5-efe4aaf28261","type":"card","cardType":"type-529bc362-7146-42da-9022-f74a3adfc537","deck":"3ff4bddd-99c2-4935-8120-ac0e0eb56866","parent":"996a7bbe-6719-49d6-8c27-d029db3b6580","x":293.75,"y":14.26,"z":53566,"owner":null,"faceup":false,"dragging":null,"draggingType":null},{"id":"267c4611-44f4-4802-8a0f-39882bb6f2d0","x":513.92,"y":336.81,"z":53271,"type":"board","width":279.52080369843543,"height":447.2332859174967,"boardImage":"https://raw.githubusercontent.com/rayzg/tarot/master/playingcards.io/le-plateau/le-plateau-scoring.png","dragging":null,"draggingType":null}]